genes,name
AKT1|AKT2|AKT3|PDPK1|PIK3CA|PIK3CD,SA_PTEN_PATHWAY
AKT1|AKT2|AKT3|PIK3CA|PIK3CD,SA_TRKA_RECEPTOR
AKT1|AKT2|AKT3|BTK|CSK|GSK3A|GSK3B|LYN|PDPK1|PIK3CA|PIK3CD|RAF1|SYK,SIG_BCR_SIGNALING_PATHWAY
AKT1|AKT2|AKT3|BTK|LIMK1|MYLK|MYLK2|PAK1|PAK2|PAK3|PAK4|PAK6|PDPK1|PIK3CA|PIK3CD|PIK3CG|ROCK1|ROCK2,SIG_CHEMOTAXIS
AKT1|AKT2|AKT3|GSK3A|GSK3B|PDPK1|PIK3CA|PIK3CD|RAF1,SIG_IL4RECEPTOR_IN_B_LYPHOCYTES
AKT1|AKT2|AKT3|GSK3A|GSK3B|PDPK1|PIK3CA|PIK3CD|RAF1,SIG_INSULIN_RECEPTOR_PATHWAY_IN_CARDIAC_MYOCYTES
AKT1|AKT2|AKT3|BTK|LYN|PDPK1|PIK3CA|SYK|TEC,SIG_PIP3_SIGNALING_IN_B_LYMPHOCYTES
AKT1|AKT2|AKT3|CDK2|ERBB4|GSK3A|GSK3B|MET|MTOR|PAK1|PAK2|PAK3|PAK4|PAK6|PDPK1|PIK3CA|PIK3CD|PTK2,SIG_PIP3_SIGNALING_IN_CARDIAC_MYOCTES
AKT1|LIMK1|MYLK|MYLK2|PAK1|PAK2|PAK3|PAK4|PAK6|ROCK1|ROCK2,SIG_REGULATION_OF_THE_ACTIN_CYTOSKELETON_BY_RHO_GTPASES
CSNK1A1|CSNK1D|CSNK1G1|CSNK2A1|GSK3A|GSK3B|NLK,WNT_SIGNALING
EGFR|MUSK|PAK1|PAK2|PAK3|PAK4,BIOCARTA_AGR_PATHWAY
ACVR1|BMPR1A|BMPR2|GSK3B|TGFBR1|TGFBR2,BIOCARTA_ALK_PATHWAY
AKT1|IGF1R|KIT|PIK3CA|PIK3CG,BIOCARTA_BAD_PATHWAY
BTK|LYN|MAP3K1|RAF1|SYK,BIOCARTA_BCR_PATHWAY
CAMK1|CAMK1G|CAMK4|CAMKK1|CAMKK2,BIOCARTA_CACAM_PATHWAY
MTOR|PIK3CA|PIK3CG|TGFBR1|TGFBR2,BIOCARTA_CTCF_PATHWAY
FYN|PIK3CA|PIK3CG|RAF1|ROCK1,BIOCARTA_ECM_PATHWAY
AKT1|PDGFRA|PIK3CA|PIK3CG|SPHK1,BIOCARTA_EDG1_PATHWAY
CDK2|CDK3|CDK5|CDK7|CDK8,BIOCARTA_EFP_PATHWAY
CSNK2A1|EGFR|MAP3K1|PIK3CA|RAF1,BIOCARTA_EGF_PATHWAY
AKT1|MKNK1|MTOR|PDPK1|PIK3CA,BIOCARTA_EIF4_PATHWAY
EGFR|IGF1R|MKNK1|MKNK2|PDGFRA|RAF1,BIOCARTA_ERK_PATHWAY
BTK|LYN|MAP3K1|PAK2|PIK3CA|PIK3CG|RAF1|SYK,BIOCARTA_FCER1_PATHWAY
CAMK1|CAMK1G|MAP3K1|PAK1|RAF1,BIOCARTA_FMLP_PATHWAY
CDC25C|CHEK1|CHEK2|PLK1|WEE1,BIOCARTA_G2_PATHWAY
AKT1|MAP3K1|PIK3CA|PIK3CG|RAF1,BIOCARTA_GLEEVEC_PATHWAY
AKT1|CAMK1|CAMK1G|IGF1R|INSR|PIK3CA|PIK3CG,BIOCARTA_HDAC_PATHWAY
EGFR|ERBB2|ERBB3|ERBB4|PIK3CA|PIK3CG|RAF1,BIOCARTA_HER2_PATHWAY
CDK11B|MAP3K1|PAK2|PRKCD|RIPK1,BIOCARTA_HIVNEF_PATHWAY
AKT1|GSK3B|IGF1R|MTOR|PDPK1|PIK3CA,BIOCARTA_IGF1MTOR_PATHWAY
CSNK2A1|IGF1R|PIK3CA|PIK3CG|RAF1,BIOCARTA_IGF1_PATHWAY
AKT1|PIK3CA|PIK3CG|RAF1|SYK,BIOCARTA_IL2RB_PATHWAY
CSNK2A1|INSR|PIK3CA|PIK3CG|RAF1,BIOCARTA_INSULIN_PATHWAY
EGFR|MAP3K1|PRKCD|PRKCE|PRKCH|PRKCQ|RAF1|RIPK1,BIOCARTA_KERATINOCYTE_PATHWAY
LIMK1|MAP3K1|MAP4K2|RAF1|ROCK1,BIOCARTA_MAL_PATHWAY
MAP3K1|MAP3K2|MAP3K3|MAP3K4|MAP4K2|MAP4K3|MAP4K4|MAP4K5|MAPKAPK2|MAPKAPK5|MKNK1|MKNK2|PAK1|PAK2|RAF1|RIPK1|TGFBR1,BIOCARTA_MAPK_PATHWAY
MET|PAK1|PIK3CA|PIK3CG|RAF1,BIOCARTA_MET_PATHWAY
AKT1|MKNK1|MTOR|PDPK1|PIK3CA,BIOCARTA_MTOR_PATHWAY
AKT1|CAMK1|CAMK1G|CAMK4|CSNK1A1|GSK3B|PIK3CA|PIK3CG|RAF1,BIOCARTA_NFAT_PATHWAY
MAP3K1|MAPKAPK2|MAPKAPK5|MKNK1|RIPK1|TGFBR1,BIOCARTA_P38MAPK_PATHWAY
CSNK2A1|MAP3K1|PDGFRA|PIK3CA|PIK3CG|RAF1,BIOCARTA_PDGF_PATHWAY
AKT1|BTK|GSK3A|GSK3B|LYN|PDPK1|PRKCE,BIOCARTA_PTDINS_PATHWAY
CDK5|LIMK1|MAP3K1|PAK1|PDGFRA|PIK3CA|PIK3CG,BIOCARTA_RAC1_PATHWAY
AKT1|CDK2|PAK1|PIK3CA|RAF1,BIOCARTA_RACCYCD_PATHWAY
FYN|LCK|MAP3K1|PIK3CA|PIK3CG|RAF1|ZAP70,BIOCARTA_TCR_PATHWAY
AKT1|EGFR|ERBB2|PIK3CA|PIK3CG,BIOCARTA_TFF_PATHWAY
AKT1|AKT2|AKT3|BRAF|FLT3|KIT|MTOR|PIK3CA|PIK3CB|PIK3CD|PIK3CG|PIM1|PIM2|RAF1,KEGG_ACUTE_MYELOID_LEUKEMIA
CSNK2A1|CSNK2A2|EGFR|ERBB2|FER|FGFR1|FYN|IGF1R|INSR|MET|NLK|SRC|TGFBR1|TGFBR2|YES1,KEGG_ADHERENS_JUNCTION
AKT1|AKT2|AKT3|CAMKK1|CAMKK2|MTOR|PCK1|PRKCQ,KEGG_ADIPOCYTOKINE_SIGNALING_PATHWAY
INSR|PDPK1|PIK3CA|PIK3CB|PIK3CD|PIK3CG|SGK1,KEGG_ALDOSTERONE_REGULATED_SODIUM_REABSORPTION
AKT1|AKT2|AKT3|IRAK1|IRAK3|IRAK4|PIK3CA|PIK3CB|PIK3CD|PIK3CG|PRKX|RIPK1,KEGG_APOPTOSIS
ABL1|CDK5|EPHA1|EPHA2|EPHA3|EPHA4|EPHA5|EPHA6|EPHA7|EPHA8|EPHB1|EPHB2|EPHB3|EPHB4|EPHB6|FES|FYN|GSK3B|LIMK1|LIMK2|MET|PAK1|PAK2|PAK3|PAK4|PAK6|PTK2|ROCK1|ROCK2,KEGG_AXON_GUIDANCE
BRAF|DAPK1|DAPK2|DAPK3|EGFR|ERBB2|FGFR3|RAF1,KEGG_BLADDER_CANCER
AKT1|AKT2|AKT3|BTK|GSK3B|LYN|PIK3CA|PIK3CB|PIK3CD|PIK3CG|RAF1|SYK,KEGG_B_CELL_RECEPTOR_SIGNALING_PATHWAY
CAMK2A|CAMK2B|CAMK2D|CAMK2G|CAMK4|EGFR|ERBB2|ERBB3|ERBB4|MYLK|MYLK2|MYLK3|PDGFRA|PDGFRB|PHKG2|PRKX|SPHK1,KEGG_CALCIUM_SIGNALING_PATHWAY
ABL1|CDC25C|CDK2|CDK7|CHEK1|CHEK2|GSK3B|PKMYT1|PLK1|TTK|WEE1,KEGG_CELL_CYCLE
AKT1|AKT2|AKT3|BRAF|CSK|FGR|GRK1|GRK4|GRK7|GSK3A|GSK3B|HCK|ITK|LYN|PAK1|PIK3CA|PIK3CB|PIK3CD|PIK3CG|PRKCD|PRKX|PTK2|RAF1|ROCK1|ROCK2,KEGG_CHEMOKINE_SIGNALING_PATHWAY
ABL1|AKT1|AKT2|AKT3|BRAF|PIK3CA|PIK3CB|PIK3CD|PIK3CG|RAF1|TGFBR1|TGFBR2,KEGG_CHRONIC_MYELOID_LEUKEMIA
AKT1|AKT2|AKT3|BRAF|GSK3B|PIK3CA|PIK3CB|PIK3CD|PIK3CG|RAF1|TGFBR1|TGFBR2,KEGG_COLORECTAL_CANCER
ACVR1|ACVR1B|ACVR2A|ACVR2B|ACVRL1|BMPR1A|BMPR1B|BMPR2|CSF1R|EGFR|FLT1|FLT3|FLT4|KIT|MET|PDGFRA|PDGFRB|TGFBR1|TGFBR2,KEGG_CYTOKINE_CYTOKINE_RECEPTOR_INTERACTION
CSF1R|EGFR|ERBB3|ERBB4|FGFR2|FGFR3|FGFR4|FLT1|GRK1|GRK4|GRK7|IGF1R|KIT|MET|PDGFRA|PIP5K1A|PIP5K1B|PIP5K1C|PRKCI|RET|SRC,KEGG_ENDOCYTOSIS
AKT1|AKT2|AKT3|BRAF|EGFR|ERBB2|GSK3B|PDPK1|PIK3CA|PIK3CB|PIK3CD|PIK3CG|RAF1,KEGG_ENDOMETRIAL_CANCER
CSK|EGFR|LYN|MET|PAK1|SRC,KEGG_EPITHELIAL_CELL_SIGNALING_IN_HELICOBACTER_PYLORI_INFECTION
ABL1|ABL2|AKT1|AKT2|AKT3|BRAF|CAMK2A|CAMK2B|CAMK2D|CAMK2G|EGFR|ERBB2|ERBB3|ERBB4|GSK3B|MTOR|PAK1|PAK2|PAK3|PAK4|PAK6|PIK3CA|PIK3CB|PIK3CD|PIK3CG|PTK2|RAF1|SRC,KEGG_ERBB_SIGNALING_PATHWAY
AKT1|AKT2|AKT3|BTK|FYN|LYN|PDPK1|PIK3CA|PIK3CB|PIK3CD|PIK3CG|PRKCD|PRKCE|RAF1|SYK,KEGG_FC_EPSILON_RI_SIGNALING_PATHWAY
AKT1|AKT2|AKT3|HCK|LIMK1|LIMK2|LYN|PAK1|PIK3CA|PIK3CB|PIK3CD|PIK3CG|PIP5K1A|PIP5K1B|PIP5K1C|PRKCD|PRKCE|RAF1|SPHK1|SYK,KEGG_FC_GAMMA_R_MEDIATED_PHAGOCYTOSIS
AKT1|AKT2|AKT3|BRAF|EGFR|ERBB2|FLT1|FLT4|FYN|GSK3B|IGF1R|MET|MYLK|MYLK2|MYLK3|PAK1|PAK2|PAK3|PAK4|PAK6|PDGFRA|PDGFRB|PDPK1|PIK3CA|PIK3CB|PIK3CD|PIK3CG|PIP5K1C|PTK2|RAF1|ROCK1|ROCK2|SRC,KEGG_FOCAL_ADHESION
CSNK1D|EGFR|MAP3K2|PDGFRA|PDGFRB|PRKG1|PRKG2|PRKX|RAF1|SRC,KEGG_GAP_JUNCTION
AKT1|AKT2|AKT3|BRAF|CAMK2A|CAMK2B|CAMK2D|CAMK2G|EGFR|IGF1R|MTOR|PDGFRA|PDGFRB|PIK3CA|PIK3CB|PIK3CD|PIK3CG|RAF1,KEGG_GLIOMA
CAMK2A|CAMK2B|CAMK2D|CAMK2G|EGFR|MAP3K1|MAP3K2|MAP3K3|MAP3K4|PRKCD|PRKX|RAF1|SRC,KEGG_GNRH_SIGNALING_PATHWAY
CSNK1A1|CSNK1A1L|CSNK1D|CSNK1E|CSNK1G1|CSNK1G2|CSNK1G3|GSK3B|PRKX|STK36,KEGG_HEDGEHOG_SIGNALING_PATHWAY
PIK3C2A|PIK3C2B|PIK3CA|PIK3CB|PIK3CD|PIK3CG|PIP5K1A|PIP5K1B|PIP5K1C,KEGG_INOSITOL_PHOSPHATE_METABOLISM
AKT1|AKT2|AKT3|BRAF|GSK3B|HK1|INSR|MKNK1|MKNK2|MTOR|PCK1|PDPK1|PHKG2|PIK3CA|PIK3CB|PIK3CD|PIK3CG|PRKCI|PRKX|RAF1,KEGG_INSULIN_SIGNALING_PATHWAY
AKT1|AKT2|AKT3|PIK3CA|PIK3CB|PIK3CD|PIK3CG|PIM1,KEGG_JAK_STAT_SIGNALING_PATHWAY
ITK|PIK3CA|PIK3CB|PIK3CD|PIK3CG|PTK2|ROCK1|ROCK2|TXK,KEGG_LEUKOCYTE_TRANSENDOTHELIAL_MIGRATION
BRAF|IGF1R|LYN|PRKG1|PRKG2|RAF1,KEGG_LONG_TERM_DEPRESSION
BRAF|CAMK2A|CAMK2B|CAMK2D|CAMK2G|CAMK4|PRKX|RAF1,KEGG_LONG_TERM_POTENTIATION
AKT1|AKT2|AKT3|BRAF|EGFR|FGFR1|FGFR2|FGFR3|FGFR4|MAP3K1|MAP3K2|MAP3K3|MAP3K4|MAP4K2|MAP4K3|MAP4K4|MAPKAPK2|MAPKAPK5|MKNK1|MKNK2|NLK|PAK1|PAK2|PDGFRA|PDGFRB|PRKX|RAF1|TAOK1|TAOK2|TAOK3|TGFBR1|TGFBR2,KEGG_MAPK_SIGNALING_PATHWAY
CAMK2A|CAMK2B|CAMK2D|CAMK2G|GSK3B|KIT|PRKX|RAF1,KEGG_MELANOGENESIS
AKT1|AKT2|AKT3|BRAF|EGFR|FGFR1|IGF1R|MET|PDGFRA|PDGFRB|PIK3CA|PIK3CB|PIK3CD|PIK3CG|RAF1,KEGG_MELANOMA
AKT1|AKT2|AKT3|BRAF|MTOR|PDPK1|PIK3CA|PIK3CB|PIK3CD|PIK3CG|ULK1|ULK2|ULK3,KEGG_MTOR_SIGNALING_PATHWAY
BRAF|FYN|LCK|PAK1|PIK3CA|PIK3CB|PIK3CD|PIK3CG|RAF1|SYK|ZAP70,KEGG_NATURAL_KILLER_CELL_MEDIATED_CYTOTOXICITY
ABL1|AKT1|AKT2|AKT3|BRAF|CAMK2A|CAMK2B|CAMK2D|CAMK2G|CAMK4|CSK|GSK3B|IRAK1|IRAK3|IRAK4|MAP3K1|MAP3K3|MAPKAPK2|PDPK1|PIK3CA|PIK3CB|PIK3CD|PIK3CG|PRKCD|RAF1|RIPK2,KEGG_NEUROTROPHIN_SIGNALING_PATHWAY
AKT1|AKT2|AKT3|BRAF|EGFR|ERBB2|PDPK1|PIK3CA|PIK3CB|PIK3CD|PIK3CG|RAF1,KEGG_NON_SMALL_CELL_LUNG_CANCER
CAMK2A|CAMK2B|CAMK2D|CAMK2G|PRKG1|PRKG2|PRKX,KEGG_OLFACTORY_TRANSDUCTION
AURKA|CAMK2A|CAMK2B|CAMK2D|CAMK2G|CDC25C|CDK2|IGF1R|PKMYT1|PLK1|PRKX|SLK,KEGG_OOCYTE_MEIOSIS
AKT1|AKT2|AKT3|BRAF|EGFR|ERBB2|PIK3CA|PIK3CB|PIK3CD|PIK3CG|RAF1|TGFBR1|TGFBR2,KEGG_PANCREATIC_CANCER
ABL1|AKT1|AKT2|AKT3|BRAF|CDK2|CSF1R|DAPK1|DAPK2|DAPK3|EGFR|ERBB2|FGFR1|FGFR2|FGFR3|FLT3|GSK3B|IGF1R|KIT|MET|MTOR|PDGFRA|PDGFRB|PIK3CA|PIK3CB|PIK3CD|PIK3CG|PTK2|RAF1|RET|STK36|TGFBR1|TGFBR2,KEGG_PATHWAYS_IN_CANCER
PIK3C2A|PIK3C2B|PIK3CA|PIK3CB|PIK3CD|PIK3CG|PIP5K1A|PIP5K1B|PIP5K1C,KEGG_PHOSPHATIDYLINOSITOL_SIGNALING_SYSTEM
AKT1|AKT2|AKT3|BRAF|CDC25C|CDK2|IGF1R|PIK3CA|PIK3CB|PIK3CD|PIK3CG|PKMYT1|PLK1|PRKX|RAF1,KEGG_PROGESTERONE_MEDIATED_OOCYTE_MATURATION
AKT1|AKT2|AKT3|BRAF|CDK2|EGFR|ERBB2|FGFR1|FGFR2|GSK3B|IGF1R|INSRR|MTOR|PDGFRA|PDGFRB|PDPK1|PIK3CA|PIK3CB|PIK3CD|PIK3CG|RAF1,KEGG_PROSTATE_CANCER
BRAF|BRK1|CSK|EGFR|FGFR1|FGFR2|FGFR3|FGFR4|INSRR|LIMK1|LIMK2|MYLK|MYLK2|MYLK3|PAK1|PAK2|PAK3|PAK4|PAK6|PDGFRA|PDGFRB|PIK3CA|PIK3CB|PIK3CD|PIK3CG|PIP5K1A|PIP5K1B|PIP5K1C|PTK2|RAF1|ROCK1|ROCK2,KEGG_REGULATION_OF_ACTIN_CYTOSKELETON
AKT1|AKT2|AKT3|BRAF|MET|PAK1|PAK2|PAK3|PAK4|PAK6|PIK3CA|PIK3CB|PIK3CD|PIK3CG|RAF1,KEGG_RENAL_CELL_CARCINOMA
AKT1|AKT2|AKT3|CDK2|PIK3CA|PIK3CB|PIK3CD|PIK3CG|PTK2,KEGG_SMALL_CELL_LUNG_CANCER
ACVR1|ACVR2A|ACVR2B|ACVRL1|BMPR1A|BMPR1B|BMPR2|ROCK1|ROCK2|TGFBR1|TGFBR2,KEGG_TGF_BETA_SIGNALING_PATHWAY
AKT1|AKT2|AKT3|CASK|CSNK2A1|CSNK2A2|PRKCD|PRKCE|PRKCH|PRKCI|PRKCQ|SRC|YES1,KEGG_TIGHT_JUNCTION
AKT1|AKT2|AKT3|CTSK|IRAK1|IRAK4|PIK3CA|PIK3CB|PIK3CD|PIK3CG|RIPK1|TBK1,KEGG_TOLL_LIKE_RECEPTOR_SIGNALING_PATHWAY
HK1|INSR|MTOR|PIK3CA|PIK3CB|PIK3CD|PIK3CG|PRKCD|PRKCE,KEGG_TYPE_II_DIABETES_MELLITUS
AKT1|AKT2|AKT3|FYN|GSK3B|ITK|LCK|PAK1|PAK2|PAK3|PAK4|PAK6|PDPK1|PIK3CA|PIK3CB|PIK3CD|PIK3CG|PRKCQ|RAF1|TEC|ZAP70,KEGG_T_CELL_RECEPTOR_SIGNALING_PATHWAY
BRAF|MYLK|MYLK2|MYLK3|PRKCD|PRKCE|PRKCH|PRKCQ|PRKG1|PRKX|RAF1|ROCK1|ROCK2,KEGG_VASCULAR_SMOOTH_MUSCLE_CONTRACTION
AKT1|AKT2|AKT3|MAPKAPK2|PIK3CA|PIK3CB|PIK3CD|PIK3CG|PTK2|RAF1|SPHK1|SRC,KEGG_VEGF_SIGNALING_PATHWAY
CAMK2A|CAMK2B|CAMK2D|CAMK2G|CSNK1A1|CSNK1A1L|CSNK1E|CSNK2A1|CSNK2A2|GSK3B|NLK|PRKX|ROCK1|ROCK2,KEGG_WNT_SIGNALING_PATHWAY
ABL1|ABL2|PRKD1|PRKD2|PRKD3|SRC,KEGG_MEDICUS_ENV_FACTOR_METALS_TO_NFKB_SIGNALING_PATHWAY
AKT1|AKT2|AKT3|PIK3CA|PIK3CB|PIK3CD,KEGG_MEDICUS_ENV_FACTOR_NICOTINE_NNK_TO_PI3K_SIGNALING_PATHWAY
AKT1|AKT2|AKT3|MTOR|PIK3CA|PIK3CB|PIK3CD,KEGG_MEDICUS_ENV_FACTOR_NNK_NNN_TO_PI3K_SIGNALING_PATHWAY_N01339
AKT1|AKT2|AKT3|PIK3CA|PIK3CB|PIK3CD,KEGG_MEDICUS_ENV_FACTOR_NNK_NNN_TO_PI3K_SIGNALING_PATHWAY_N01350
LYN|PIK3CA|PIK3CB|PIK3CD|SYK,KEGG_MEDICUS_PATHOGEN_EBV_LMP2A_TO_PI3K_SIGNALING_PATHWAY
AKT1|AKT2|AKT3|PIK3CA|PIK3CB|PIK3CD,KEGG_MEDICUS_PATHOGEN_HCMV_US28_TO_GNB_G_PI3K_NFKB_SIGNALING_PATHWAY
AKT1|AKT2|AKT3|PIK3CA|PIK3CB|PIK3CD,KEGG_MEDICUS_PATHOGEN_HIV_GP120_TO_CXCR4_GNAI_PI3K_BAD_SIGNALING_PATHWAY
AKT1|AKT2|AKT3|MTOR|PIK3CG,KEGG_MEDICUS_PATHOGEN_KSHV_VGPCR_TO_GNB_G_PI3K_AKT_SIGNALING_PATHWAY
BRK1|PIK3C2B|PIK3CA|PIK3CB|PIK3CD|PIK3CG,KEGG_MEDICUS_PATHOGEN_SALMONELLA_SOPB_TO_ARNO_ARF_ACTB_G_SIGNALING_PATHWAY
AKT1|AKT2|AKT3|PIK3CA|PIK3CB|PIK3CD,KEGG_MEDICUS_REFERENCE_ACH_CHRN_PI3K_SIGNALING_PATHWAY
CAMK1|CAMK1D|CAMK1G|CAMK2A|CAMK2B|CAMK2D|CAMK2G|CAMK4,KEGG_MEDICUS_REFERENCE_ANGIOTENSIN_ALDOSTERONE_SIGNALING_PATHWAY
AKT1|AKT2|AKT3|EGFR|MTOR|PIK3CA|PIK3CB|PIK3CD,KEGG_MEDICUS_REFERENCE_AREG_EGFR_PI3K_SIGNALING_PATHWAY
AKT1|AKT2|AKT3|LYN|PIK3CD|SYK,KEGG_MEDICUS_REFERENCE_BCR_BCAP_CD19_PI3K_SIGNALING_PATHWAY
ACVR1|ACVR2A|ACVR2B|BMPR1A|BMPR1B|BMPR2,KEGG_MEDICUS_REFERENCE_BMP_SIGNALING_PATHWAY
CAMK1|CAMK1D|CAMK1G|CAMK2A|CAMK2B|CAMK2D|CAMK2G|CAMK4|CAMKK1|CAMKK2|MYLK|MYLK2|MYLK3|MYLK4|PHKG2,KEGG_MEDICUS_REFERENCE_CA2_CAM_CAMK_SIGNALING_PATHWAY
AKT1|AKT2|AKT3|PIK3CA|PIK3CB|PIK3CD,KEGG_MEDICUS_REFERENCE_CCR2_GNB_G_PI3K_NFKB_SIGNALING_PATHWAY
AKT1|AKT2|AKT3|GSK3B|PIK3CA|PIK3CB|PIK3CD,KEGG_MEDICUS_REFERENCE_CD80_CD86_CD28_PI3K_SIGNALING_PATHWAY
AKT1|AKT2|AKT3|PIK3CA|PIK3CB|PIK3CD,KEGG_MEDICUS_REFERENCE_CXCR4_GNAI_PI3K_BAD_SIGNALING_PATHWAY
AKT1|AKT2|AKT3|MTOR|PIK3CG,KEGG_MEDICUS_REFERENCE_CXCR_GNB_G_PI3K_AKT_SIGNALING_PATHWAY
AKT1|AKT2|AKT3|EGFR|PIK3CA|PIK3CB|PIK3CD,KEGG_MEDICUS_REFERENCE_EGF_EGFR_PI3K_NFKB_SIGNALING_PATHWAY
AKT1|AKT2|AKT3|EGFR|PIK3CA|PIK3CB|PIK3CD,KEGG_MEDICUS_REFERENCE_EGF_EGFR_PI3K_SIGNALING_PATHWAY
CAMK1|CAMK1D|CAMK1G|CAMK2A|CAMK2B|CAMK2D|CAMK2G|CAMK4|EGFR,KEGG_MEDICUS_REFERENCE_EGF_EGFR_PLCG_CAMK_SIGNALING_PATHWAY
AKT1|AKT2|AKT3|EGFR|PIK3CA|PIK3CB|PIK3CD,KEGG_MEDICUS_REFERENCE_EGF_EGFR_RAS_PI3K_SIGNALING_PATHWAY
AKT1|AKT2|AKT3|EGFR|MTOR|PIK3CA|PIK3CB|PIK3CD,KEGG_MEDICUS_REFERENCE_EREG_EGFR_PI3K_SIGNALING_PATHWAY
AKT1|AKT2|AKT3|FGFR1|FGFR2|FGFR3|FGFR4|MTOR|PIK3CA|PIK3CB|PIK3CD,KEGG_MEDICUS_REFERENCE_FGF_FGFR_PI3K_SIGNALING_PATHWAY
BRAF|FGFR1|FGFR2|FGFR3|FGFR4|RAF1,KEGG_MEDICUS_REFERENCE_FGF_FGFR_RAS_ERK_SIGNALING_PATHWAY
AKT1|AKT2|AKT3|FLT3|MTOR|PIK3CA|PIK3CB|PIK3CD,KEGG_MEDICUS_REFERENCE_FLT3LG_FLT3_RAS_PI3K_SIGNALING_PATHWAY
AKT1|AKT2|AKT3|CSF1R|EGFR|EPHA2|ERBB2|ERBB3|ERBB4|FGFR1|FGFR2|FGFR3|FGFR4|FLT1|FLT3|FLT4|IGF1R|INSR|KIT|MET|PDGFRA|PDGFRB|PIK3CA|PIK3CB|PIK3CD,KEGG_MEDICUS_REFERENCE_GF_RTK_PI3K_SIGNALING_PATHWAY
BRAF|CSF1R|EGFR|EPHA2|ERBB2|ERBB3|ERBB4|FGFR1|FGFR2|FGFR3|FGFR4|FLT1|FLT3|FLT4|IGF1R|INSR|KIT|MET|PDGFRA|PDGFRB|RAF1|RET,KEGG_MEDICUS_REFERENCE_GF_RTK_RAS_ERK_SIGNALING_PATHWAY
AKT1|AKT2|AKT3|CSF1R|EGFR|EPHA2|ERBB2|ERBB3|ERBB4|FGFR1|FGFR2|FGFR3|FGFR4|FLT1|FLT3|FLT4|IGF1R|INSR|KIT|MET|PDGFRA|PDGFRB|PIK3CA|PIK3CB|PIK3CD,KEGG_MEDICUS_REFERENCE_GF_RTK_RAS_PI3K_SIGNALING_PATHWAY
AKT1|AKT2|AKT3|MET|PIK3CA|PIK3CB|PIK3CD,KEGG_MEDICUS_REFERENCE_HGF_MET_PI3K_SIGNALING_PATHWAY
AKT1|AKT2|AKT3|IGF1R|MTOR|PIK3CA|PIK3CB|PIK3CD,KEGG_MEDICUS_REFERENCE_IGF2_IGF1R_PI3K_SIGNALING_PATHWAY
AKT1|AKT2|AKT3|IGF1R|MTOR|PIK3CA|PIK3CB|PIK3CD,KEGG_MEDICUS_REFERENCE_IGF_IGF1R_PI3K_SIGNALING_PATHWAY
AKT1|AKT2|AKT3|IGF1R|PIK3CA|PIK3CB|PIK3CD,KEGG_MEDICUS_REFERENCE_IGF_IGFR_PI3K_NFKB_SIGNALING_PATHWAY
AKT1|AKT2|AKT3|KIT|MTOR|PIK3CA|PIK3CB|PIK3CD,KEGG_MEDICUS_REFERENCE_KITLG_KIT_PI3K_SIGNALING_PATHWAY
AKT1|AKT2|AKT3|PIK3CA|PIK3CB|PIK3CD,KEGG_MEDICUS_REFERENCE_MEMBRANE_INITIATED_PROGESTERONE_SIGNALING_PATHWAY
AKT1|AKT2|AKT3|ERBB4|PIK3CA|PIK3CB|PIK3CD,KEGG_MEDICUS_REFERENCE_NRG_ERBB4_PI3K_SIGNALING_PATHWAY
AKT1|AKT2|AKT3|PIK3CA|PIK3CB|PIK3CD|SRC,KEGG_MEDICUS_REFERENCE_P4_PR_PI3K_SIGNALING_PATHWAY
AKT1|AKT2|AKT3|MTOR|PDGFRA|PDGFRB|PIK3CA|PIK3CB|PIK3CD,KEGG_MEDICUS_REFERENCE_PDGF_PDGFR_PI3K_SIGNALING_PATHWAY
CAMK1|CAMK1D|CAMK1G|CAMK2A|CAMK2B|CAMK2D|CAMK2G|CAMK4|PDGFRA|PDGFRB,KEGG_MEDICUS_REFERENCE_PDGF_PDGFR_PLCG_CAMK_SIGNALING_PATHWAY
FYN|PIK3CA|PIK3CB|PIK3CD|PRKCD,KEGG_MEDICUS_REFERENCE_PRNP_PI3K_NOX2_SIGNALING_PATHWAY
CSF1R|EGFR|EPHA2|ERBB2|ERBB3|ERBB4|FGFR1|FGFR2|FGFR3|FGFR4|FLT1|FLT3|FLT4|IGF1R|INSR|KIT|MET|PDGFRA|PDGFRB,KEGG_MEDICUS_REFERENCE_REGULATION_OF_GF_RTK_RAS_ERK_SIGNALING_UBIQUITINATION_OF_RTK_BY_CBL
AKT1|AKT2|AKT3|MTOR|PIK3CA|PIK3CB|PIK3CD,KEGG_MEDICUS_REFERENCE_RELN_VLDLR_PI3K_SIGNALING_PATHWAY
EGFR|ERBB2|ERBB3|ERBB4|FGFR1|FGFR2|FGFR3|FGFR4|FLT1|FLT4|MET|MST1|MST1R|PDGFRA|PDGFRB|RET,KEGG_MEDICUS_REFERENCE_RTK_PLCG_ITPR_SIGNALING_PATHWAY
AKT1|AKT2|AKT3|EGFR|MTOR|PIK3CA|PIK3CB|PIK3CD,KEGG_MEDICUS_REFERENCE_TGFA_EGFR_PI3K_SIGNALING_PATHWAY
AKT1|AKT2|AKT3|EGFR|MTOR|PIK3CA|PIK3CB|PIK3CD,KEGG_MEDICUS_VARIANT_AMPLIFIED_EGFR_TO_PI3K_SIGNALING_PATHWAY
CAMK1|CAMK1D|CAMK1G|CAMK2A|CAMK2B|CAMK2D|CAMK2G|CAMK4|EGFR,KEGG_MEDICUS_VARIANT_AMPLIFIED_EGFR_TO_PLCG_CAMK_SIGNALING_PATHWAY
AKT1|AKT2|AKT3|FGFR1|FGFR2|MTOR|PIK3CA|PIK3CB|PIK3CD,KEGG_MEDICUS_VARIANT_AMPLIFIED_FGFR_TO_PI3K_SIGNALING_PATHWAY
AKT1|AKT2|AKT3|MET|MTOR|PIK3CA|PIK3CB|PIK3CD,KEGG_MEDICUS_VARIANT_AMPLIFIED_MET_TO_PI3K_SIGNALING_PATHWAY
AKT1|AKT2|AKT3|MTOR|PDGFRA|PIK3CA|PIK3CB|PIK3CD,KEGG_MEDICUS_VARIANT_AMPLIFIED_PDGFR_TO_PI3K_SIGNALING_PATHWAY
CAMK1|CAMK1D|CAMK1G|CAMK2A|CAMK2B|CAMK2D|CAMK2G|CAMK4|PDGFRA,KEGG_MEDICUS_VARIANT_AMPLIFIED_PDGFR_TO_PLCG_CAMK_SIGNALING_PATHWAY
ABL1|AKT1|AKT2|AKT3|PIK3CA|PIK3CB|PIK3CD,KEGG_MEDICUS_VARIANT_BCR_ABL_FUSION_KINASE_TO_PI3K_SIGNALING_PATHWAY
AKT1|AKT2|AKT3|FLT3|PIK3CA|PIK3CB|PIK3CD,KEGG_MEDICUS_VARIANT_DUPLICATION_OR_MUTATION_ACTIVATED_FLT3_TO_RAS_PI3K_SIGNALING_PATHWAY
AKT1|AKT2|AKT3|EGFR|MTOR|PIK3CA|PIK3CB|PIK3CD,KEGG_MEDICUS_VARIANT_EGFR_OVEREXPRESSION_TO_PI3K_SIGNALING_PATHWAY
AKT1|AKT2|AKT3|EGFR|PIK3CA|PIK3CB|PIK3CD,KEGG_MEDICUS_VARIANT_EGF_OVEREXPRESSION_TO_PI3K_SIGNALING_PATHWAY
AKT1|AKT2|AKT3|ALK|PIK3CA|PIK3CB|PIK3CD,KEGG_MEDICUS_VARIANT_EML4_ALK_FUSION_KINASE_TO_PI3K_SIGNALING_PATHWAY
AKT1|AKT2|AKT3|EGFR|ERBB2|MTOR|PIK3CA|PIK3CB|PIK3CD,KEGG_MEDICUS_VARIANT_ERBB2_OVEREXPRESSION_TO_PI3K_SIGNALING_PATHWAY
CAMK1|CAMK1D|CAMK1G|CAMK2A|CAMK2B|CAMK2D|CAMK2G|CAMK4,KEGG_MEDICUS_VARIANT_MUTATION_ACTIVATED_CACNA1D_H_TO_ANGIOTENSIN_ALDOSTERONE_SIGNALING_PATHWAY
AKT1|AKT2|AKT3|EGFR|PIK3CA|PIK3CB|PIK3CD,KEGG_MEDICUS_VARIANT_MUTATION_ACTIVATED_EGFR_TO_PI3K_SIGNALING_PATHWAY
CAMK1|CAMK1D|CAMK1G|CAMK2A|CAMK2B|CAMK2D|CAMK2G|CAMK4,KEGG_MEDICUS_VARIANT_MUTATION_ACTIVATED_KCNJ5_TO_ANGIOTENSIN_ALDOSTERONE_SIGNALING_PATHWAY
AKT1|AKT2|AKT3|KIT|PIK3CA|PIK3CB|PIK3CD,KEGG_MEDICUS_VARIANT_MUTATION_ACTIVATED_KIT_TO_PI3K_SIGNALING_PATHWAY
AKT1|AKT2|AKT3|PIK3CA|PIK3CB|PIK3CD,KEGG_MEDICUS_VARIANT_MUTATION_ACTIVATED_KRAS_NRAS_TO_PI3K_SIGNALING_PATHWAY
AKT1|AKT2|AKT3|MET|PIK3CA|PIK3CB|PIK3CD,KEGG_MEDICUS_VARIANT_MUTATION_ACTIVATED_MET_TO_PI3K_SIGNALING_PATHWAY
AKT1|AKT2|AKT3|MTOR|PIK3CA,KEGG_MEDICUS_VARIANT_MUTATION_ACTIVATED_PI3K_TO_PI3K_SIGNALING_PATHWAY
AKT1|AKT2|AKT3|MTOR|PIK3CA|PIK3CB|PIK3CD|RET,KEGG_MEDICUS_VARIANT_MUTATION_ACTIVATED_RET_TO_PI3K_SIGNALING_PATHWAY
CAMK1|CAMK1D|CAMK1G|CAMK2A|CAMK2B|CAMK2D|CAMK2G|CAMK4,KEGG_MEDICUS_VARIANT_MUTATION_INACTIVATED_ATP1A1_TO_ANGIOTENSIN_ALDOSTERONE_SIGNALING_PATHWAY
CAMK1|CAMK1D|CAMK1G|CAMK2A|CAMK2B|CAMK2D|CAMK2G|CAMK4,KEGG_MEDICUS_VARIANT_MUTATION_INACTIVATED_ATP2B3_TO_ANGIOTENSIN_ALDOSTERONE_SIGNALING_PATHWAY
AKT1|AKT2|AKT3|EGFR|PIK3CA|PIK3CB|PIK3CD,KEGG_MEDICUS_VARIANT_TGFA_OVEREXPRESSION_TO_PI3K_SIGNALING_PATHWAY
AKT1|EGFR|ERBB2|ERBB3|MET|MST1|MST1R|PIK3CA,PID_A6B1_A6B4_INTEGRIN_PATHWAY
ABL1|EGFR|FYN|IGF1R|MET|RET|SRC,PID_AJDISS_2PATHWAY
ACVR1|ACVR2A|ACVR2B|ACVRL1|BMPR2|TGFBR1|TGFBR2,PID_ALK1_PATHWAY
BLK|CSNK2A1|FGR|FYN|HCK|LCK|LYN|PARK7|PRKCD|SRC|SYK|YES1,PID_ALPHA_SYNUCLEIN_PATHWAY
AKT1|BLK|FGR|FYN|HCK|LCK|LYN|MST1|MST1R|ROCK1|SRC|YES1,PID_AMB2_NEUTROPHILS_PATHWAY
AKT1|BMX|FES|FYN|PAK1|PIK3CA|PTK2,PID_ANGIOPOIETIN_RECEPTOR_PATHWAY
AKT1|PIK3CA|PTK2|RAF1|SRC,PID_AR_NONGENOMIC_PATHWAY
AKT1|AURKA|AURKB|GSK3B|PAK1,PID_AURORA_A_PATHWAY
AKT1|CSF1R|IGF1R|PIK3C2A|PIK3CA|PTK2|ROCK1|SRC|TGFBR2,PID_AVB3_INTEGRIN_PATHWAY
MAP3K1|PIK3CA|PIP5K1A|ROCK2|SYK,PID_AVB3_OPN_PATHWAY
AKT1|BTK|CAMK2G|CSK|CSNK2A1|LYN|MAP3K1|PDPK1|PIK3CA|RAF1|SYK,PID_BCR_5PATHWAY
CSNK1A1|CSNK1D|CSNK1E|GSK3A|GSK3B,PID_BETA_CATENIN_DEG_PATHWAY
AKT1|CSK|FYN|LCK|PDPK1|PRKCE|PRKCQ|ZAP70,PID_CD8_TCR_PATHWAY
BRAF|GSK3B|LIMK1|LIMK2|MAP3K1|MTOR|PAK1|PAK2|PAK4|PIK3CA|PRKCE|RAF1|SRC|TNK2|YES1,PID_CDC42_PATHWAY
AKT1|MAP3K1|MAP4K4|PRKCD|PRKRA|RAF1|RIPK1,PID_CERAMIDE_PATHWAY
CSF1R|HIPK2|KIT|NLK|PIM1,PID_CMYB_PATHWAY
AKT1|MTOR|PDPK1|PIK3CA|PIK3CB|PIK3CD|RAF1|SRC,PID_CXCR3_PATHWAY
AKT1|BLK|CSK|FGR|FYN|HCK|LCK|LIMK1|LYN|MTOR|PAK1|PDPK1|PIK3CA|PIK3CB|PIK3CD|PIK3CG|PTK2|SRC|YES1,PID_CXCR4_PATHWAY
AKT1|AKT2|EGFR|FYN|PIK3CA|PIP5K1A|SRC,PID_ECADHERIN_KERATINOCYTE_PATHWAY
AKT1|CSNK2A1|CSNK2A2|PIK3CA|PIP5K1C|SRC,PID_ECADHERIN_NASCENT_AJ_PATHWAY
EGFR|EPHA2|IGF1R|MET|PIP5K1C|ROCK1,PID_ECADHERIN_STABILIZATION_PATHWAY
AKT1|PRKCD|PRKCE|PRKCH|PRKCQ|RAF1|SRC,PID_ENDOTHELIN_PATHWAY
EPHA2|PAK1|PIK3CA|PTK2|SRC,PID_EPHA2_FWD_PATHWAY
BLK|CDK5|EPHA1|EPHA2|EPHA3|EPHA4|EPHA5|EPHA6|EPHA7|EPHA8|FGR|FYN|HCK|LCK|LYN|PIK3CG|ROCK1|SRC|YES1,PID_EPHA_FWDPATHWAY
EPHB1|EPHB2|EPHB3|EPHB4|MAP4K4|PAK1|PIK3CA|PTK2|ROCK1|SRC,PID_EPHB_FWD_PATHWAY
BLK|EPHB1|EPHB2|EPHB4|FGR|FYN|HCK|LCK|LYN|PIK3CA|SRC|YES1,PID_EPHRINB_REV_PATHWAY
AKT1|BRAF|BRK1|EGFR|MAP3K1|MAP3K2|MTOR|PDPK1|PIK3CA|PIK3CB|PIK3CD|PRKCD|RAF1|SRC,PID_ERBB1_DOWNSTREAM_PATHWAY
EGFR|PIK3CA|PIK3CB|PIK3CD|PTK2|RAF1|SRC,PID_ERBB1_INTERNALIZATION_PATHWAY
EGFR|PAK1|PIK3CA|PIK3CB|PIK3CD|PIP5K1C|PTK2|SRC,PID_ERBB1_RECEPTOR_PROXIMAL_PATHWAY
AKT1|ERBB2|ERBB3|MTOR|PIK3CA|PIK3CB|PIK3CD|RAF1|SRC,PID_ERBB2_ERBB3_PATHWAY
ERBB2|ERBB4|FYN|PIK3CA|PIK3CB|PIK3CD,PID_ERBB4_PATHWAY
AKT1|IGF1R|PIK3CA|ROCK2|SRC,PID_ER_NONGENOMIC_PATHWAY
BMX|BRAF|FYN|PAK1|PIK3CA|PTK2|RAF1|ROCK2|SRC|YES1,PID_FAK_PATHWAY
AKT1|BTK|MAP3K1|PDPK1|PIK3CA|PIK3CB|PIK3CD|RIPK1|SRC|SYK,PID_FAS_PATHWAY
AKT1|BTK|FER|FYN|ITK|LYN|MAP3K1|PAK2|PIK3CA|PTK2|RAF1|SPHK1|SYK,PID_FCER1_PATHWAY
AKT1|CAMK2A|FGFR1|FGFR2|FGFR3|FGFR4|MET|PAK4|PDPK1|PIK3CA|SRC,PID_FGF_PATHWAY
AURKB|CDK2|CHEK2|GSK3A|NEK2|PLK1,PID_FOXM1_PATHWAY
AKT1|CDK2|CSNK1A1|CSNK1D|CSNK1E|CSNK1G1|CSNK1G2|CSNK1G3|MST1|PLK1|SGK1,PID_FOXO_PATHWAY
BLK|FGFR1|FGR|FLT1|FYN|HCK|LCK|LYN|SRC|TGFBR1|TGFBR2|YES1,PID_GLYPICAN_1PATHWAY
LYN|PIK3CA|PIM1|RAF1|SYK,PID_GMCSF_PATHWAY
AKT1|CSNK1A1|CSNK1D|CSNK1E|CSNK1G1|CSNK1G2|CSNK1G3|GSK3B|PRKCD|STK36,PID_HEDGEHOG_GLI_PATHWAY
AKT1|CAMK2A|CAMK2B|CAMK2D|CAMK2G|DAPK1|MAP3K1|MTOR|PIK3CA|PRKCD,PID_IFNG_PATHWAY
AKT1|IGF1R|PDPK1|PIK3CA|PRKCD|PRKD1|PTK2|RAF1,PID_IGF1_PATHWAY
IRAK1|IRAK3|IRAK4|MAP3K3|PIK3CA|PRKCI,PID_IL1_PATHWAY
CDK2|FYN|LCK|MAPKAPK2|PIK3CA|PRKCE|RAF1|SYK,PID_IL2_1PATHWAY
AKT1|EGR2|FES|MTOR|PIK3CA,PID_IL4_2PATHWAY
AKT1|FGR|HCK|LYN|PDPK1|PIK3CG|PRKCE,PID_IL8_CXCR1_PATHWAY
AKT1|FGR|HCK|LYN|PDPK1|PIK3CG,PID_IL8_CXCR2_PATHWAY
AKT1|AKT2|GSK3B|INSR|PRKCI,PID_INSULIN_GLUCOSE_PATHWAY
AKT1|AKT2|INSR|PDPK1|PIK3CA|PRKCI|SGK1,PID_INSULIN_PATHWAY
AKT1|FER|GSK3B|KIT|LYN|PDPK1|PIK3C2B|PIK3CA|RAF1|TEC,PID_KIT_PATHWAY
BRSK1|BRSK2|GSK3B|MARK2|MARK4|MTOR|SIK2|SIK3,PID_LKB1_PATHWAY
AKT1|EGFR|GSK3B|LYN|PIK3CB|PRKCD|PRKCE|PRKD1|PTK2|SRC,PID_LYSOPHOSPHOLIPID_PATHWAY
BRAF|CDK5|MAP3K2|MAPKAPK2|PRKCD|RAF1,PID_MAPK_TRK_PATHWAY
AKT1|AKT2|MAP3K1|MET|MTOR|PAK1|PAK2|PAK4|PDPK1|PIK3CA|PRKCI|PTK2|RAF1|SRC,PID_MET_PATHWAY
AKT1|BRAF|CDK2|MTOR|PDPK1|RAF1|SGK1|ULK1|ULK2,PID_MTOR_4PATHWAY
CAMK2G|FER|FGFR1|PIK3CA|PIP5K1C|ROCK1,PID_NCADHERIN_PATHWAY
PDGFRB|PIK3CA|PIP5K1C|PTK2|SRC,PID_NECTIN_PATHWAY
AKT1|FYN|PIK3CA|PIK3CB|PIK3CD|PRKCI,PID_NEPHRIN_NEPH1_PATHWAY
CAMK2A|DAPK1|FYN|PAK1|PIK3CA|PTK2|SRC|YES1,PID_NETRIN_PATHWAY
CAMK4|CSNK1A1|CSNK2A1|GSK3B|MAP3K1|PIM1|PRKCD|PRKCE|PRKCH|PRKCQ,PID_NFAT_3PATHWAY
CSNK2A1|CSNK2A2|LCK|PIK3CA|SRC|SYK,PID_NFKAPPAB_ATYPICAL_PATHWAY
CSNK2A1|CSNK2A2|MAPKAPK2|MAPKAPK5|MKNK1,PID_P38_ALPHA_BETA_DOWNSTREAM_PATHWAY
BLK|FGR|FYN|HCK|LCK|LYN|MAP3K3|PAK1|PAK2|PAK3|RIPK1|SRC|YES1,PID_P38_ALPHA_BETA_PATHWAY
CAMK2B|MAP3K1|MAP3K3|MAP3K4|TAOK1|TAOK2|TAOK3,PID_P38_MKK3_6PATHWAY
EGFR|EPHA2|MAP4K4|MET|NDRG1|PLK3,PID_P53_DOWNSTREAM_PATHWAY
ABL1|AKT1|CDK2|CHEK1|CHEK2|CSNK1A1|CSNK1D|CSNK1E|CSNK1G1|CSNK1G2|CSNK1G3|DYRK2|GSK3B|HIPK2|PRKCD,PID_P53_REGULATION_PATHWAY
ABL1|CDK2|CHEK1|PLK1|PLK3,PID_P73PATHWAY
AKT1|IRAK1|PIK3CA|PRKCI|RIPK2,PID_P75_NTR_PATHWAY
ABL1|BLK|BRAF|BRK1|CSK|DOCK4|FGR|FYN|HCK|LCK|LYN|PAK1|PDGFRB|PIK3CA|PIK3CB|PIK3CD|PIK3CG|PRKCD|PRKCE|RAF1|SPHK1|SRC|YES1,PID_PDGFRB_PATHWAY
AKT1|AKT2|AKT3|GSK3A|GSK3B|MTOR|PDPK1|RAF1|SRC,PID_PI3KCI_AKT_PATHWAY
BLK|BTK|FGR|FYN|HCK|ITK|LCK|LYN|PDPK1|PIK3CA|PIK3CB|PIK3CD|PIK3CG|SGK1|SRC|SYK|YES1|ZAP70,PID_PI3KCI_PATHWAY
AKT1|CAMK2A|CAMK4|GSK3B|PDPK1|PIK3CA|PRKCD|SRC,PID_PI3K_PLC_TRK_PATHWAY
AURKA|CDC25C|PAK1|PLK1|ROCK2|WEE1,PID_PLK1_PATHWAY
AKT1|BLK|CSF1R|CSK|EGFR|FER|FGR|FYN|HCK|INSR|LCK|LYN|PDGFRB|PIK3CA|SRC|YES1,PID_PTP1B_PATHWAY
BRK1|LIMK1|MAP3K1|PAK1|PAK2|PIP5K1A|PIP5K1B|PIP5K1C,PID_RAC1_PATHWAY
AKT1|CDK5|FYN|GSK3B|PIK3CA,PID_REELIN_PATHWAY
CIT|LIMK1|LIMK2|PIP5K1A|PIP5K1B|PIP5K1C|PKN1|PKN2|ROCK1|ROCK2,PID_RHOA_PATHWAY
AKT1|AKT3|FLT1|PDGFRB|SRC,PID_S1P_S1P3_PATHWAY
EGFR|IGF1R|LCK|PDGFRB|PIK3CA|RAF1,PID_SHP2_PATHWAY
CSF1R|EGFR|INSR|MET|PDGFRB|PIK3CA|PIK3CB|PIK3CD|SRC,PID_TCPTP_PATHWAY
AKT1|CSK|FYN|ITK|LCK|PDPK1|PRKCE|PRKCQ|STK39|ZAP70,PID_TCR_PATHWAY
PIK3CA|PKN1|PRKCD|ROCK1|ROCK2,PID_THROMBIN_PAR1_PATHWAY
MAP3K1|MAP3K3|MAP4K2|MAP4K3|MAP4K4|MAP4K5|PRKCI|RIPK1|TNIK,PID_TNF_PATHWAY
MAP3K1|PIK3CA|PIK3CB|PIK3CD|RIPK1,PID_TRAIL_PATHWAY
AKT1|BLK|EGFR|FGR|FYN|HCK|LCK|LYN|PIK3CG|PRKCD|PRKCE|PRKCH|PRKCQ|ROCK1|SRC|SYK|YES1,PID_TXA2PATHWAY
AKT1|BRAF|CAMKK2|FES|FLT1|FYN|MAPKAPK2|PAK2|PDPK1|PIK3CA|PRKCD|PTK2|RAF1|ROCK1|SRC,PID_VEGFR1_2_PATHWAY
CAMK2A|CSNK1A1|NLK|ROCK1|YES1,PID_WNT_NONCANONICAL_PATHWAY
CAMK1|CAMK2A|CAMK2B|CAMK2D|CAMK2G|CAMK4|CAMKK1|CAMKK2|CASK|ERBB4|PDPK1|PRKX|SRC,REACTOME_ACTIVATION_OF_NMDA_RECEPTORS_AND_POSTSYNAPTIC_EVENTS
PAK1|PAK2|PAK3|PAK4|PAK6,REACTOME_ACTIVATION_OF_RAC1
AKT1|AKT2|AKT3|BLK|BTK|CSK|CTSK|FYN|ITK|LCK|LYN|MTOR|PAK1|PAK2|PAK3|PDPK1|PIK3CA|PIK3CB|PIK3CD|PIK3CG|PRKCQ|PRKG1|RAF1|RIPK2|SRC|SYK|YES1|ZAP70,REACTOME_ADAPTIVE_IMMUNE_SYSTEM
AKT1|AKT2|AKT3|GSK3A|GSK3B,REACTOME_AKT_PHOSPHORYLATES_TARGETS_IN_THE_CYTOSOL
CSNK1D|CSNK1E|MARK4|NEK2|PLK1|PLK4,REACTOME_ANCHORING_OF_THE_BASAL_BODY_TO_THE_PLASMA_MEMBRANE
BLK|BTK|FYN|LYN|PIK3CD|SYK,REACTOME_ANTIGEN_ACTIVATES_B_CELL_RECEPTOR_BCR_LEADING_TO_GENERATION_OF_SECOND_MESSENGERS
FGR|FYN|HCK|LYN|PLK2|PRKX|SRC|SYK|YES1,REACTOME_ANTI_INFLAMMATORY_RESPONSE_FAVOURING_LEISHMANIA_PARASITE_INFECTION
AURKA|AURKB|CDK2|NEK2|PLK1,REACTOME_APC_C_MEDIATED_DEGRADATION_OF_CELL_CYCLE_PROTEINS
AKT1|AKT2|AKT3|BMX|DAPK1|DAPK2|DAPK3|PAK2|PRKCD|PRKCQ|PTK2|RIPK1|ROCK1,REACTOME_APOPTOSIS
BMX|PRKCD|PRKCQ|PTK2|ROCK1,REACTOME_APOPTOTIC_CLEAVAGE_OF_CELLULAR_PROTEINS
BMX|PAK2|PRKCD|PRKCQ|PTK2|ROCK1,REACTOME_APOPTOTIC_EXECUTION_PHASE
ANK1|ANK2|ANK3|CSNK1D|DOLK|HK1,REACTOME_ASPARAGINE_N_LINKED_GLYCOSYLATION
CAMK2A|CAMK2B|CAMK2D|CAMK2G|CASK,REACTOME_ASSEMBLY_AND_CELL_SURFACE_PRESENTATION_OF_NMDA_RECEPTORS
AURKA|CSNK1D|CSNK1E|NEK2|PLK1|PLK4,REACTOME_AURKA_ACTIVATION_BY_TPX2
CSNK2A1|CSNK2A2|MTOR|PARK7|SRC|TBK1|ULK1,REACTOME_AUTOPHAGY
CAMK2A|CAMK2B|CAMK2D|CAMK2G|CAMK4|CAMKK1|CAMKK2,REACTOME_CAMK_IV_MEDIATED_PHOSPHORYLATION_OF_CREB
CAMK2A|CAMK2B|CAMK2D|CAMK2G|DMPK|HIPK1|HIPK2,REACTOME_CARDIAC_CONDUCTION
CAMK2A|CAMK2B|CAMK2D|CAMK2G|CAMK4|CAMKK1|CAMKK2|PRKCD|PRKX,REACTOME_CA_DEPENDENT_EVENTS
FYN|LYN|PAK1|PAK2|PAK3|RAF1,REACTOME_CD209_DC_SIGN_SIGNALING
AKT1|AKT2|AKT3|FYN|LCK|MTOR|PDPK1|PIK3CA|PIK3CB|PIK3CD|PIK3CG,REACTOME_CD28_DEPENDENT_PI3K_AKT_SIGNALING
FYN|LCK|PAK1|PAK2|PAK3,REACTOME_CD28_DEPENDENT_VAV1_PATHWAY
PAK1|PAK2|PAK3|PAK4|PAK6,REACTOME_CDC42_GTPASE_CYCLE
ABL1|AKT1|FLT4|FYN|MTOR|PDPK1|PIK3CA|PIK3CB|PIK3CD|PKN2|PTK2,REACTOME_CELLULAR_RESPONSES_TO_MECHANICAL_STIMULI
ABL1|AKT1|AKT2|AKT3|CAMK2A|CAMK2B|CAMK2D|CAMK2G|CDK2|CSNK2A1|CSNK2A2|EIF2AK1|ERN1|FLT4|FYN|GSK3A|GSK3B|MAP4K4|MAPKAPK2|MAPKAPK5|ME1|MINK1|MTOR|PDPK1|PIK3CA|PIK3CB|PIK3CD|PKN2|PRKCD|PRKCI|PTK2|TNIK,REACTOME_CELLULAR_RESPONSES_TO_STIMULI
AKT1|AKT2|AKT3|CSNK2A1|CSNK2A2|GSK3B|ME1|PRKCD|PRKCI,REACTOME_CELLULAR_RESPONSE_TO_CHEMICAL_STRESS
CAMK2A|CAMK2B|CAMK2D|CAMK2G|GSK3B|MAPKAPK2|MTOR,REACTOME_CELLULAR_RESPONSE_TO_HEAT_STRESS
CDK2|MAP4K4|MAPKAPK2|MAPKAPK5|MINK1|TNIK,REACTOME_CELLULAR_SENESCENCE
CASK|FYN|PIK3CA|PIK3CB|PRKCI|PTK2|SRC|TESK1,REACTOME_CELL_CELL_COMMUNICATION
ABL1|AKT1|AKT2|AKT3|AURKA|AURKB|CDC25C|CDK11B|CDK2|CDK7|CHEK1|CHEK2|CSNK1D|CSNK1E|CSNK2A1|CSNK2A2|DYRK1A|GSK3B|LYN|NEK2|NEK6|NEK7|NEK9|PKMYT1|PLK1|PLK4|SRC|TAOK1|TK1|VRK2|WEE1,REACTOME_CELL_CYCLE
AURKB|CDC25C|CDK2|CHEK1|CHEK2|PKMYT1|PLK1|TAOK1|WEE1,REACTOME_CELL_CYCLE_CHECKPOINTS
ABL1|AKT1|AKT2|AKT3|AURKA|AURKB|CDC25C|CDK11B|CDK2|CDK7|CSNK1D|CSNK1E|CSNK2A1|CSNK2A2|DYRK1A|GSK3B|LYN|NEK2|NEK6|NEK7|NEK9|PKMYT1|PLK1|PLK4|SRC|TAOK1|TK1|VRK2|WEE1,REACTOME_CELL_CYCLE_MITOTIC
FYN|LCK|LYN|MERTK|PIK3CA|PIK3CB|SRC|YES1,REACTOME_CELL_SURFACE_INTERACTIONS_AT_THE_VASCULAR_WALL
CSNK1D|CSNK1E|MARK4|NEK2|PLK1|PLK4,REACTOME_CILIUM_ASSEMBLY
CDK5|CSNK1D|CSNK1E|CSNK2A1|CSNK2A2,REACTOME_CIRCADIAN_CLOCK
AAK1|EGFR|GAK|PIK3C2A|PIP5K1C,REACTOME_CLATHRIN_MEDIATED_ENDOCYTOSIS
EGFR|ERBB2|ERBB3|ERBB4|FGFR1|FGFR2|FGFR3|FGFR4|FLT3|FYN|KIT|LCK|MET|PDGFRA|PDGFRB|PIK3CA|PIK3CB|PIK3CD|PIK3CG|SRC,REACTOME_CONSTITUTIVE_SIGNALING_BY_ABERRANT_PI3K_IN_CANCER
AKT1|AKT2|AKT3|GSK3A|GSK3B|MTOR|PDPK1,REACTOME_CONSTITUTIVE_SIGNALING_BY_AKT1_E17K_IN_CANCER
AKT1|AKT2|AKT3|FYN|LCK|LYN|SRC|YES1,REACTOME_CO_INHIBITION_BY_CTLA4
AKT1|AKT2|AKT3|FYN|LCK|LYN|MTOR|PAK1|PAK2|PAK3|PDPK1|PIK3CA|PIK3CB|PIK3CD|PIK3CG|SRC|YES1,REACTOME_CO_STIMULATION_BY_CD28
CAMK2A|CAMK2B|CAMK2D|CAMK2G|PDPK1,REACTOME_CREB1_PHOSPHORYLATION_THROUGH_NMDA_RECEPTOR_MEDIATED_ACTIVATION_OF_RAS_SIGNALING
CAMK2B|CAMK2G|CAMK4|CAMKK1|CAMKK2,REACTOME_CREB1_PHOSPHORYLATION_THROUGH_THE_ACTIVATION_OF_CAMKII_CAMKK_CAMKIV_CASCASDE
CDC25C|CDK2|CDK7|PKMYT1|PLK1|WEE1,REACTOME_CYCLIN_A_B1_B2_ASSOCIATED_EVENTS_DURING_G2_M_TRANSITION
AKT1|AKT2|AKT3|CDK2|CDK7|WEE1,REACTOME_CYCLIN_A_CDK2_ASSOCIATED_EVENTS_AT_S_PHASE_ENTRY
ABL1|CDK2|CDK7|LYN|SRC,REACTOME_CYCLIN_D_ASSOCIATED_EVENTS_IN_G1
ABL2|AKT1|AKT2|AKT3|CAMK2A|CAMK2B|CAMK2D|CAMK2G|CSF1R|CSK|FLT3|FYN|HCK|IRAK1|IRAK3|IRAK4|LCK|LYN|MAP3K3|MAPKAPK2|PAK2|PIK3CA|PIK3CB|PIK3CD|PIM1|PRKCD|PRKRA|RAF1|RIPK2|SPHK1|SRC|SYK|TBK1|TEC|YES1,REACTOME_CYTOKINE_SIGNALING_IN_IMMUNE_SYSTEM
FYN|LYN|PAK1|PAK2|PAK3|PDPK1|PRKCD|RAF1|SRC|SYK,REACTOME_C_TYPE_LECTIN_RECEPTORS_CLRS
CAMK2A|CAMK2B|CAMK2D|CAMK2G|CAMK4|CAMKK1|CAMKK2|PRKCD|PRKCE|PRKX,REACTOME_DAG_AND_IP3_SIGNALING
BTK|FYN|LCK|PIK3CA|PIK3CB|SYK,REACTOME_DAP12_INTERACTIONS
BTK|FYN|LCK|PIK3CA|PIK3CB|SYK,REACTOME_DAP12_SIGNALING
IRAK1|MAPKAPK2|PRKCI|RIPK1|RIPK2|TBK1|ULK1,REACTOME_DEATH_RECEPTOR_SIGNALING
AKT1|AKT2|AKT3|ALK|BRAF|CAMK2A|CAMK2B|CAMK2D|CAMK2G|CDK8|CSK|CSNK1A1|EGFR|ERBB2|ERBB3|ERBB4|FGFR1|FGFR2|FGFR3|FGFR4|FLT3|FYN|GSK3A|GSK3B|KIT|LCK|LYN|MARK3|MET|MTOR|PDGFRA|PDGFRB|PDPK1|PIK3CA|PIK3CB|PIK3CD|PIK3CG|PIM1|RAF1|SRC|TGFBR1|TGFBR2|TRAK1|YES1|ZAP70,REACTOME_DISEASES_OF_SIGNAL_TRANSDUCTION_BY_GROWTH_FACTOR_RECEPTORS_AND_SECOND_MESSENGERS
ABL1|CDK2|CDK7|CHEK1|CHEK2,REACTOME_DNA_REPAIR
AKT1|AKT2|AKT3|ERBB2|ERBB3,REACTOME_DOWNREGULATION_OF_ERBB2_ERBB3_SIGNALING
AKT1|AKT2|AKT3|EGFR|ERBB2|ERBB3|ERBB4,REACTOME_DOWNREGULATION_OF_ERBB2_SIGNALING
PDGFRA|PDGFRB|PIK3CA|PIK3CB|SRC,REACTOME_DOWNSTREAM_SIGNAL_TRANSDUCTION
LCK|PDPK1|PIK3CA|PIK3CB|PRKCQ|RIPK2,REACTOME_DOWNSTREAM_TCR_SIGNALING
EPHA1|EPHA2|EPHA3|EPHA4|EPHA5|EPHA6|EPHA7|EPHA8|FYN|LYN|ROCK1|ROCK2|SRC|YES1,REACTOME_EPHA_MEDIATED_GROWTH_CONE_COLLAPSE
EPHB1|EPHB2|EPHB3|EPHB4|EPHB6|FYN|LIMK1|LIMK2|LYN|PAK1|PTK2|ROCK1|ROCK2|SRC|YES1,REACTOME_EPHB_MEDIATED_FORWARD_SIGNALING
EPHB1|EPHB2|EPHB3|EPHB4|EPHB6|FYN|PAK1|PAK2|PAK3|SRC,REACTOME_EPHRIN_SIGNALING
EPHA1|EPHA2|EPHA3|EPHA4|EPHA5|EPHA6|EPHA7|EPHA8|EPHB1|EPHB2|EPHB3|EPHB4|EPHB6|FYN|LYN|SRC|YES1,REACTOME_EPH_EPHRIN_MEDIATED_REPULSION_OF_CELLS
EPHA1|EPHA2|EPHA3|EPHA4|EPHA5|EPHA6|EPHA7|EPHA8|EPHB1|EPHB2|EPHB3|EPHB4|EPHB6|FYN|LIMK1|LIMK2|LYN|PAK1|PAK2|PAK3|PTK2|ROCK1|ROCK2|SRC|YES1,REACTOME_EPH_EPHRIN_SIGNALING
ABL1|CDK5|CDK7|CDK8|GSK3B,REACTOME_EPIGENETIC_REGULATION_OF_GENE_EXPRESSION
LYN|PIK3CA|PIK3CB|PIK3CD|PIK3CG,REACTOME_ERYTHROPOIETIN_ACTIVATES_PHOSPHOINOSITIDE_3_KINASE_PI3K
AKT1|AKT2|AKT3|CDK9|EGFR|ERBB4|IGF1R|PDPK1|PIK3CA|PTK2|SPHK1|SRC,REACTOME_ESR_MEDIATED_SIGNALING
AKT1|AKT2|AKT3|EGFR|PTK2,REACTOME_ESTROGEN_DEPENDENT_NUCLEAR_EVENTS_DOWNSTREAM_OF_ESR_MEMBRANE_SIGNALING
CASK|CTSK|DDR1|DDR2|KLKB1|MUSK,REACTOME_EXTRACELLULAR_MATRIX_ORGANIZATION
AKT1|AKT2|AKT3|EGFR|IGF1R|PDPK1|PIK3CA|PTK2|SPHK1|SRC,REACTOME_EXTRA_NUCLEAR_ESTROGEN_SIGNALING
ABL1|CDK2|CDK5|DOCK3|DOCK4|WEE1,REACTOME_FACTORS_INVOLVED_IN_MEGAKARYOCYTE_DEVELOPMENT_AND_PLATELET_PRODUCTION
BTK|ITK|LYN|SYK|TEC|TXK,REACTOME_FCERI_MEDIATED_CA_2_MOBILIZATION
LYN|MAP3K1|PAK1|PAK2|SYK,REACTOME_FCERI_MEDIATED_MAPK_ACTIVATION
ABL1|BRK1|BTK|FGR|FYN|HCK|LIMK1|LYN|PAK1|PIK3CA|PIK3CB|PRKCD|PRKCE|PTK2|SRC|SYK|YES1,REACTOME_FCGAMMA_RECEPTOR_FCGR_DEPENDENT_PHAGOCYTOSIS
FGR|FYN|HCK|LYN|PRKX|SRC|SYK|YES1,REACTOME_FCGR3A_MEDIATED_IL10_SYNTHESIS
FGR|FYN|HCK|LYN|SRC|SYK|YES1,REACTOME_FCGR_ACTIVATION
BTK|FYN|ITK|LYN|MAP3K1|PAK1|PAK2|PDPK1|PIK3CA|PIK3CB|PRKCQ|SYK|TEC|TXK,REACTOME_FC_EPSILON_RECEPTOR_FCERI_SIGNALING
ABL2|AKT1|AKT2|AKT3|CSK|FLT3|FYN|HCK|LCK|PIK3CA|SYK,REACTOME_FLT3_SIGNALING
FLT3|FYN|HCK|LCK|SYK,REACTOME_FLT3_SIGNALING_THROUGH_SRC_FAMILY_KINASES
CDC25C|CDK2|CHEK1|CHEK2|PKMYT1|WEE1,REACTOME_G2_M_CHECKPOINTS
ITK|LCK|PAK1|PAK2|PAK3|ZAP70,REACTOME_GENERATION_OF_SECOND_MESSENGER_MOLECULES
FYN|LCK|LYN|PDPK1|PIK3CA|PIK3CB|PIK3CG|SYK,REACTOME_GPVI_MEDIATED_ACTIVATION_CASCADE
CAMK2A|CAMK2B|CAMK2D|CAMK2G|CAMK4|CAMKK1|CAMKK2|CDK5|PRKCD|PRKX|SRC,REACTOME_G_ALPHA_I_SIGNALLING_EVENTS
BTK|EGFR|PIK3CA|PRKCD|PRKCE|PRKCH|PRKCQ,REACTOME_G_ALPHA_Q_SIGNALLING_EVENTS
AKT1|AKT2|AKT3|PDPK1|PIK3CG,REACTOME_G_BETA_GAMMA_SIGNALLING_THROUGH_PI3KGAMMA
AKT1|AKT2|AKT3|BTK|PAK1|PDPK1|PIK3CG,REACTOME_G_PROTEIN_BETA_GAMMA_SIGNALLING
CAMK2A|CAMK2B|CAMK2D|CAMK2G|CAMK4|CAMKK1|CAMKK2|PRKCD|PRKX,REACTOME_G_PROTEIN_MEDIATED_EVENTS
ABL1|AKT1|CDK2|CDK5|CSK|DOCK3|DOCK4|FGR|FYN|KLKB1|LCK|LYN|MERTK|PDPK1|PIK3CA|PIK3CB|PIK3CG|PRKCD|PRKCE|PRKCH|PRKCQ|PRKG1|PRKG2|PTK2|RAF1|SRC|SYK|WEE1|YES1,REACTOME_HEMOSTASIS
AKT1|FLT4|FYN|MTOR|PDPK1|PIK3CA|PIK3CB|PIK3CD|PKN2,REACTOME_HIGH_LAMINAR_FLOW_SHEAR_STRESS_ACTIVATES_SIGNALING_BY_PIEZO1_AND_PECAM1_CDH5_KDR_IN_ENDOTHELIAL_CELLS
CDK7|CDK9|FYN|HCK|LCK|PAK2,REACTOME_HIV_INFECTION
CDK9|FYN|HCK|LCK|PAK2,REACTOME_HOST_INTERACTIONS_OF_HIV_FACTORS
CAMK2A|CAMK2B|CAMK2D|CAMK2G|MTOR,REACTOME_HSF1_DEPENDENT_TRANSACTIVATION
ABL1|AKT1|AKT2|AKT3|BRK1|BTK|CDK7|CDK8|CDK9|CSNK1A1|CSNK2A1|CSNK2A2|EGFR|FGR|FYN|GSK3A|GSK3B|HCK|IGF1R|IRAK1|LCK|LYN|MET|PAK2|PDPK1|PLK2|PRKX|PTK2|RIPK1|RIPK2|RIPK3|ROCK1|ROCK2|SRC|SRPK1|SRPK2|SYK|TBK1|YES1,REACTOME_INFECTIOUS_DISEASE
ABL1|BRK1|BTK|CTSK|FGR|FRK|FYN|HCK|IRAK1|IRAK3|IRAK4|ITK|LCK|LIMK1|LYN|MAP3K1|MAPKAPK2|PAK1|PAK2|PAK3|PDPK1|PIK3CA|PIK3CB|PRKCD|PRKCE|PRKCQ|PTK2|RAF1|RIPK1|RIPK2|RIPK3|ROCK1|SRC|SYK|TBK1|TEC|TXK|YES1,REACTOME_INNATE_IMMUNE_SYSTEM
AKT2|FGFR1|FGFR2|FGFR3|FGFR4|FLT3|INSR|PDPK1|PIK3CA|PIK3CB,REACTOME_INSULIN_RECEPTOR_SIGNALLING_CASCADE
AKT1|CSK|PDPK1|PTK2|SRC|SYK,REACTOME_INTEGRIN_SIGNALING
CAMK2A|CAMK2B|CAMK2D|CAMK2G|PRKCD|RAF1,REACTOME_INTERFERON_GAMMA_SIGNALING
CAMK2A|CAMK2B|CAMK2D|CAMK2G|PRKCD|PRKRA|RAF1|SPHK1,REACTOME_INTERFERON_SIGNALING
IRAK1|IRAK3|IRAK4|MAP3K3|RIPK2|TBK1,REACTOME_INTERLEUKIN_1_FAMILY_SIGNALING
IRAK1|IRAK3|IRAK4|MAP3K3|RIPK2,REACTOME_INTERLEUKIN_1_SIGNALING
LCK|PIK3CA|PIK3CB|PIK3CD|SYK,REACTOME_INTERLEUKIN_2_FAMILY_SIGNALING
FYN|HCK|LYN|PIK3CA|PIK3CB|PIK3CD|SYK|TEC|YES1,REACTOME_INTERLEUKIN_3_INTERLEUKIN_5_AND_GM_CSF_SIGNALING
AKT1|AKT2|AKT3|CAMK2A|CAMK2B|CAMK2D|CAMK2G|CAMK4|CAMKK1|CAMKK2|CSNK2A1|CSNK2A2|EGFR|ERBB2|ERBB3|ERBB4|FGFR1|FGFR2|FGFR3|FGFR4|FLT3|FRK|FYN|GSK3A|GSK3B|INSR|IRAK1|IRAK4|KIT|LCK|MET|MTOR|PDGFRA|PDGFRB|PDPK1|PIK3CA|PIK3CB|PIK3CD|PIK3CG|PIP5K1A|PIP5K1B|PIP5K1C|PRKCD|PRKCE|PRKX|SGK1|SRC,REACTOME_INTRACELLULAR_SIGNALING_BY_SECOND_MESSENGERS
CAMK2A|CAMK2B|CAMK2D|CAMK2G|RAF1|RIPK1|RIPK3|SGK1|SGK3|TRPM6,REACTOME_ION_CHANNEL_TRANSPORT
CAMK2A|CAMK2B|CAMK2D|CAMK2G|DMPK,REACTOME_ION_HOMEOSTASIS
AKT2|FGFR1|FGFR2|FGFR3|FGFR4|FLT3|PDPK1|PIK3CA|PIK3CB,REACTOME_IRS_MEDIATED_SIGNALLING
AKT1|AKT2|AKT3|CSNK2A1|CSNK2A2|GSK3B|ME1|PRKCD|PRKCI,REACTOME_KEAP1_NFE2L2_PATHWAY
ANK1|ANK2|ANK3|CSNK2A1|CSNK2A2|EGFR|EPHB2|FGFR1|PAK1|SRC,REACTOME_L1CAM_INTERACTIONS
CSNK1A1|GSK3A|GSK3B|SRPK1|SRPK2,REACTOME_LATE_SARS_COV_2_INFECTION_EVENTS
ABL1|BRK1|BTK|FGR|FYN|HCK|LYN|PLK2|PRKX|PTK2|SRC|SYK|YES1,REACTOME_LEISHMANIA_INFECTION
CAMK2A|CAMK2B|CAMK2D|CAMK2G|ERBB4|SRC,REACTOME_LONG_TERM_POTENTIATION
BRAF|CSK|MARK3|RAF1|SRC,REACTOME_MAP2K_AND_MAPK_ACTIVATION
BRAF|CAMK2A|CAMK2B|CAMK2D|CAMK2G|CSK|EGFR|ERBB2|ERBB3|ERBB4|FGFR1|FGFR2|FGFR3|FGFR4|FLT3|FYN|KIT|MARK3|MET|PDGFRA|PDGFRB|PIK3CA|PIK3CB|PRKCQ|PRKG2|PTK2|RAF1|RET|SRC,REACTOME_MAPK1_MAPK3_SIGNALING
BRAF|CAMK2A|CAMK2B|CAMK2D|CAMK2G|CSK|EGFR|ERBB2|ERBB3|ERBB4|FGFR1|FGFR2|FGFR3|FGFR4|FLT3|FYN|KIT|MAPKAPK5|MARK3|MET|PAK1|PAK2|PAK3|PDGFRA|PDGFRB|PIK3CA|PIK3CB|PRKCQ|PRKG2|PTK2|RAF1|RET|SRC,REACTOME_MAPK_FAMILY_SIGNALING_CASCADES
CSNK1A1|GSK3A|GSK3B|SRPK1|SRPK2,REACTOME_MATURATION_OF_SARS_COV_2_NUCLEOPROTEIN
AAK1|AKT1|AKT2|AKT3|ANK1|ANK2|ANK3|CSNK1D|EGFR|GAK|PIK3C2A|PIP5K1C|SRC|ULK1,REACTOME_MEMBRANE_TRAFFICKING
BMX|CDK8|CSNK1G2|CSNK2A1|CSNK2A2|MAPKAPK2|ME1|PIK3C2A|PIK3C2B|PIK3CA|PIK3CB|PIK3CD|PIK3CG|PIP5K1A|PIP5K1B|PIP5K1C|PRKD1|PRKD2|PRKD3|SPHK1,REACTOME_METABOLISM_OF_LIPIDS
AKT1|CDK7|CSNK1D|CSNK1E|IK|MAPKAPK2|PRKCD|PRPF4|RIOK1|RIOK2|RIOK3|TPRKB,REACTOME_METABOLISM_OF_RNA
AKT2|AKT3|CDK2|GSK3B|KIT|MARK3|MET|PLK1,REACTOME_MITF_M_REGULATED_MELANOCYTE_DEVELOPMENT
CSNK2A1|CSNK2A2|SRC|TBK1|ULK1,REACTOME_MITOPHAGY
ABL1|AKT1|AKT2|AKT3|CDK2|CDK7|DYRK1A|LYN|SRC|TK1|WEE1,REACTOME_MITOTIC_G1_PHASE_AND_G1_S_TRANSITION
AURKA|CDC25C|CDK11B|CDK2|CDK7|CSNK1D|CSNK1E|NEK2|PKMYT1|PLK1|PLK4|WEE1,REACTOME_MITOTIC_G2_G2_M_PHASES
AURKB|CSNK1D|CSNK1E|CSNK2A1|CSNK2A2|NEK2|NEK6|NEK7|NEK9|PLK1|PLK4|TAOK1,REACTOME_MITOTIC_PROMETAPHASE
NEK6|NEK7|NEK9|PLK1|VRK2,REACTOME_MITOTIC_PROPHASE
CAMK2A|CAMK2B|CAMK2D|CAMK2G|DMPK|HIPK1|HIPK2|MYLK|PAK1|PAK2,REACTOME_MUSCLE_CONTRACTION
IRAK1|MAPKAPK2|RIPK1|RIPK2|RIPK3|TBK1,REACTOME_MYD88_INDEPENDENT_TLR4_CASCADE
AURKB|CSNK1D|CSNK1E|CSNK2A1|CSNK2A2|NEK2|NEK6|NEK7|NEK9|PLK1|PLK4|TAOK1|VRK2,REACTOME_M_PHASE
CAMK1|CAMK2A|CAMK2B|CAMK2D|CAMK2G|CAMK4,REACTOME_NEGATIVE_REGULATION_OF_NMDA_RECEPTOR_MEDIATED_NEURONAL_TRANSMISSION
AKT1|AKT2|AKT3|EGFR|ERBB2|ERBB3|ERBB4|FGFR1|FGFR2|FGFR3|FGFR4|FLT3|FYN|INSR|IRAK1|IRAK4|KIT|LCK|MET|PDGFRA|PDGFRB|PIK3CA|PIK3CB|PIK3CD|PIK3CG|PIP5K1A|PIP5K1B|PIP5K1C|SRC,REACTOME_NEGATIVE_REGULATION_OF_THE_PI3K_AKT_NETWORK
ABL1|ABL2|ANK1|ANK2|ANK3|CDK5|CSNK2A1|CSNK2A2|EGFR|EGR2|EPHA1|EPHA2|EPHA3|EPHA4|EPHA5|EPHA6|EPHA7|EPHA8|EPHB1|EPHB2|EPHB3|EPHB4|EPHB6|ERBB2|FES|FGFR1|FYN|GSK3B|LIMK1|LIMK2|LYN|MET|PAK1|PAK2|PAK3|PAK4|PAK6|PIK3CA|PIK3CB|PIK3CD|PIP5K1C|PRKCQ|PTK2|RET|ROCK1|ROCK2|SRC|YES1,REACTOME_NERVOUS_SYSTEM_DEVELOPMENT
CAMK1|CAMK2A|CAMK2B|CAMK2D|CAMK2G|CAMK4|CAMKK1|CAMKK2|CASK|ERBB4|GRIK5|PDPK1|PRKX|SRC,REACTOME_NEURONAL_SYSTEM
CAMK1|CAMK2A|CAMK2B|CAMK2D|CAMK2G|CAMK4|CAMKK1|CAMKK2|CASK|ERBB4|GRIK5|PDPK1|PRKX|SRC,REACTOME_NEUROTRANSMITTER_RECEPTORS_AND_POSTSYNAPTIC_SIGNAL_TRANSMISSION
NEK6|NEK7|NEK9|PLK1|VRK2,REACTOME_NUCLEAR_ENVELOPE_BREAKDOWN
BRAF|CAMK2A|CAMK2B|CAMK2D|CAMK2G|CSK|MARK3|RAF1|SRC|TRAK1,REACTOME_ONCOGENIC_MAPK_SIGNALING
CAMK2A|CAMK2B|CAMK2D|CAMK2G|CAMK4|CAMKK1|CAMKK2|CDK5|PRKCD|PRKX,REACTOME_OPIOID_SIGNALLING
CAMK4|CSNK1D|CSNK1E|MARK4|NEK2|PLK1|PLK4,REACTOME_ORGANELLE_BIOGENESIS_AND_MAINTENANCE
MAP4K4|MAPKAPK2|MAPKAPK5|MINK1|TNIK,REACTOME_OXIDATIVE_STRESS_INDUCED_SENESCENCE
ABL1|BRK1|BTK|FGR|FYN|HCK|LYN|PTK2|SRC|SYK|YES1,REACTOME_PARASITE_INFECTION
FYN|LCK|LYN|SRC|YES1,REACTOME_PECAM1_INTERACTIONS
BMX|CSNK2A1|CSNK2A2|PIK3C2A|PIK3C2B|PIK3CA|PIK3CB|PIK3CD|PIK3CG|PIP5K1A|PIP5K1B|PIP5K1C,REACTOME_PHOSPHOLIPID_METABOLISM
CDK5|CSNK1D|CSNK1E|CSNK2A1|CSNK2A2,REACTOME_PHOSPHORYLATION_AND_NUCLEAR_TRANSLOCATION_OF_THE_CRY_PER_KINASE_COMPLEX
AKT1|AKT2|AKT3|EGFR|ERBB2|ERBB3|ERBB4|FGFR1|FGFR2|FGFR3|FGFR4|FLT3|FYN|GSK3A|GSK3B|KIT|LCK|MET|MTOR|PDGFRA|PDGFRB|PDPK1|PIK3CA|PIK3CB|PIK3CD|PIK3CG|SRC,REACTOME_PI3K_AKT_SIGNALING_IN_CANCER
EGFR|ERBB2|ERBB3|ERBB4|PIK3CA,REACTOME_PI3K_EVENTS_IN_ERBB2_SIGNALING
BMX|PIK3C2A|PIK3C2B|PIK3CA|PIK3CB|PIK3CD|PIK3CG|PIP5K1A|PIP5K1B|PIP5K1C,REACTOME_PI_METABOLISM
AKT1|CSK|FYN|LCK|LYN|PDPK1|PIK3CA|PIK3CB|PIK3CG|PRKCD|PRKCE|PRKCH|PRKCQ|PTK2|RAF1|SRC|SYK,REACTOME_PLATELET_ACTIVATION_SIGNALING_AND_AGGREGATION
AKT1|CSK|PDPK1|PTK2|SRC|SYK,REACTOME_PLATELET_AGGREGATION_PLUG_FORMATION
ANK1|ANK2|ANK3|AURKA|AURKB|CCDC22|CSNK1D|DOLK|HIPK2|HK1|PARK7|RIPK1|RIPK2|TGFBR1|TGFBR2,REACTOME_POST_TRANSLATIONAL_PROTEIN_MODIFICATION
BTK|RIPK1|ROCK1|ROCK2|SYK|TBK1,REACTOME_POTENTIAL_THERAPEUTICS_FOR_SARS
AKT1|AKT2|AKT3|BMX|DAPK1|DAPK2|DAPK3|PAK2|PRKCD|PRKCQ|PTK2|RIPK1|RIPK3|ROCK1,REACTOME_PROGRAMMED_CELL_DEATH
AKT1|AKT2|AKT3|CSNK2A1|CSNK2A2|FRK|MTOR,REACTOME_PTEN_REGULATION
ABL2|BRK1|CIT|DOCK3|DOCK4|EPHA2|PAK1|PAK2|PAK3|PAK4|PAK6|PIK3CA|PKN1|PKN2|TAOK3|VRK2,REACTOME_RAC1_GTPASE_CYCLE
BRK1|DOCK3|DOCK4|EPHA2|PAK1|PAK2|PAK4|PIK3CA|TAOK3|VRK2,REACTOME_RAC2_GTPASE_CYCLE
ABL2|BRK1|EPHA2|PAK1|PAK2|PAK4|TAOK3|VRK2,REACTOME_RAC3_GTPASE_CYCLE
BRAF|CAMK2A|CAMK2B|CAMK2D|CAMK2G|MARK3|RAF1|SRC,REACTOME_RAF_ACTIVATION
CDK11B|CSNK1D|CSNK1E|NEK2|PLK1|PLK4,REACTOME_RECRUITMENT_OF_MITOTIC_CENTROSOME_PROTEINS_AND_COMPLEXES
CSNK1D|CSNK1E|NEK2|PLK1|PLK4,REACTOME_RECRUITMENT_OF_NUMA_TO_MITOTIC_CENTROSOMES
FYN|KIT|LCK|LYN|SRC|YES1,REACTOME_REGULATION_OF_KIT_SIGNALING
AURKB|CAMK2A|CAMK2B|CAMK2D|CAMK2G|CAMK4|HIPK2,REACTOME_REGULATION_OF_MECP2_EXPRESSION_AND_ACTIVITY
AURKA|CSNK1D|CSNK1E|NEK2|PLK1|PLK4,REACTOME_REGULATION_OF_PLK1_ACTIVITY_AT_G2_M_TRANSITION
AKT1|AKT2|AKT3|CSNK2A1|CSNK2A2|FRK,REACTOME_REGULATION_OF_PTEN_STABILITY_AND_ACTIVITY
FYN|HCK|LYN|PIK3CA|PIK3CB|PIK3CD|SYK|YES1,REACTOME_REGULATION_OF_SIGNALING_BY_CBL
AKT1|AKT2|AKT3|AURKA|AURKB|CDK2|CDK5|CHEK1|CHEK2|CSNK2A1|CSNK2A2|DYRK2|HIPK1|HIPK2|MAPKAPK5|MTOR|PDPK1|PLK3|SGK1,REACTOME_REGULATION_OF_TP53_ACTIVITY
AURKA|AURKB|CDK2|CDK5|CHEK1|CHEK2|CSNK2A1|CSNK2A2|DYRK2|HIPK1|HIPK2|MAPKAPK5|PLK3,REACTOME_REGULATION_OF_TP53_ACTIVITY_THROUGH_PHOSPHORYLATION
AKT1|AKT2|AKT3|CDK2|CHEK2|MTOR|PDPK1|SGK1,REACTOME_REGULATION_OF_TP53_EXPRESSION_AND_DEGRADATION
AKT1|AKT2|AKT3|CSK|FYN|LCK|LYN|MTOR|PAK1|PAK2|PAK3|PDPK1|PIK3CA|PIK3CB|PIK3CD|PIK3CG|SRC|YES1,REACTOME_REGULATION_OF_T_CELL_ACTIVATION_BY_CD28_FAMILY
CDK8|CSNK2A1|CSNK2A2|EGFR|IGF1R,REACTOME_RESPIRATORY_SYNCYTIAL_VIRUS_INFECTION_PATHWAY
PIK3CA|PIK3CB|PIK3CD|RET|SRC,REACTOME_RET_SIGNALING
CIT|MYO9A|PKN1|PKN2|ROCK1|ROCK2|SLK,REACTOME_RHOA_GTPASE_CYCLE
CIT|MYO9A|PKN1|PKN2|ROCK1|ROCK2|SLK,REACTOME_RHOB_GTPASE_CYCLE
CIT|PKN1|PKN2|ROCK1|ROCK2|SLK,REACTOME_RHOC_GTPASE_CYCLE
DOCK3|DOCK4|EPHA2|PAK2|PAK4|VRK2,REACTOME_RHOG_GTPASE_CYCLE
CSK|LCK|PAK1|PAK2|PAK4|PAK6|ROCK1|ROCK2|ZAP70,REACTOME_RHOH_GTPASE_CYCLE
EPHA2|PAK1|PAK2|PAK3|PAK4|SRC,REACTOME_RHOU_GTPASE_CYCLE
EPHA2|MYO9A|PAK1|PAK2|PAK4|PAK6,REACTOME_RHOV_GTPASE_CYCLE
LIMK1|MYLK|PAK1|PAK2|PAK3,REACTOME_RHO_GTPASES_ACTIVATE_PAKS
CDC25C|PAK1|PDPK1|PKN1|PKN2,REACTOME_RHO_GTPASES_ACTIVATE_PKNS
LIMK1|LIMK2|PAK1|ROCK1|ROCK2,REACTOME_RHO_GTPASES_ACTIVATE_ROCKS
ABL2|BRK1|CIT|CSK|DOCK3|DOCK4|EPHA2|LCK|MYO9A|PAK1|PAK2|PAK3|PAK4|PAK6|PIK3CA|PKN1|PKN2|ROCK1|ROCK2|SLK|SRC|TAOK3|VRK2|ZAP70,REACTOME_RHO_GTPASE_CYCLE
ABL1|AURKB|BRK1|BTK|CDC25C|CIT|LIMK1|LIMK2|MYLK|PAK1|PAK2|PAK3|PDPK1|PKN1|PKN2|PLK1|PRKCD|PTK2|ROCK1|ROCK2|SRC|TAOK1,REACTOME_RHO_GTPASE_EFFECTORS
ABL1|AKT1|AKT2|AKT3|AURKA|AURKB|BLK|CAMK2A|CAMK2B|CAMK2D|CAMK2G|CAMK4|CDC25C|CDK2|CDK5|CDK7|CDK8|CDK9|CHEK1|CHEK2|CSF1R|CSNK2A1|CSNK2A2|CTSK|DYRK2|EGFR|ERBB2|GSK3B|HIPK1|HIPK2|IRAK1|KIT|MAPKAPK5|MET|MTOR|NDRG1|PCK1|PDPK1|PLK2|PLK3|PRKCQ|RET|SGK1|SRC|YES1,REACTOME_RNA_POLYMERASE_II_TRANSCRIPTION
FYN|LYN|PDPK1|PIK3CA|PIK3CB|SYK,REACTOME_ROLE_OF_LAT2_NTAL_LAB_ON_CALCIUM_MOBILIZATION
PIK3CA|PIK3CB|PRKCD|PRKCE|SYK,REACTOME_ROLE_OF_PHOSPHOLIPIDS_IN_PHAGOCYTOSIS
CSNK1D|CSNK1E|RIOK1|RIOK2|RIOK3,REACTOME_RRNA_PROCESSING
GSK3A|GSK3B|PDPK1|RIPK1|RIPK3|TBK1,REACTOME_SARS_COV_1_INFECTION
AKT1|AKT2|AKT3|IRAK1|PDPK1|RIPK2|TBK1,REACTOME_SARS_COV_2_HOST_INTERACTIONS
AKT1|AKT2|AKT3|CSNK1A1|GSK3A|GSK3B|IRAK1|PDPK1|RIPK2|SRPK1|SRPK2|TBK1,REACTOME_SARS_COV_2_INFECTION
AKT1|AKT2|AKT3|BTK|CSNK1A1|GSK3A|GSK3B|IRAK1|PDPK1|RIPK1|RIPK2|RIPK3|ROCK1|ROCK2|SRPK1|SRPK2|SYK|TBK1,REACTOME_SARS_COV_INFECTIONS
CSNK2A1|CSNK2A2|PARK7|SRC|TBK1|ULK1,REACTOME_SELECTIVE_AUTOPHAGY
FES|FYN|LIMK1|PAK1|PAK2|PAK3,REACTOME_SEMA3A_PAK_DEPENDENT_AXON_REPULSION
ERBB2|LIMK1|LIMK2|ROCK1|ROCK2,REACTOME_SEMA4D_INDUCED_CELL_MIGRATION_AND_GROWTH_CONE_COLLAPSE
ERBB2|LIMK1|LIMK2|MET|ROCK1|ROCK2,REACTOME_SEMA4D_IN_SEMAPHORIN_SIGNALING
CDK5|ERBB2|FES|FYN|GSK3B|LIMK1|LIMK2|MET|PAK1|PAK2|PAK3|PIP5K1C|ROCK1|ROCK2,REACTOME_SEMAPHORIN_INTERACTIONS
CASK|GRK1|GRK4|GRK7|MYO3B|PRKCQ,REACTOME_SENSORY_PERCEPTION
EGFR|ERBB2|ERBB3|ERBB4|PRKCD|PRKCE,REACTOME_SHC1_EVENTS_IN_ERBB2_SIGNALING
ACVR2A|ACVR2B|ACVRL1|BMPR1A|BMPR1B|BMPR2,REACTOME_SIGNALING_BY_BMP
BRAF|CAMK2A|CAMK2B|CAMK2D|CAMK2G|CSK|MARK3|RAF1|SRC|TRAK1,REACTOME_SIGNALING_BY_BRAF_AND_RAF1_FUSIONS
CSF1R|FYN|HCK|LYN|PIK3CA|PIK3CB|PIK3CD|SRC|YES1,REACTOME_SIGNALING_BY_CSF1_M_CSF_IN_MYELOID_CELLS
AKT1|AKT2|AKT3|EGFR|ERBB2|ERBB3|ERBB4|FYN|PIK3CA|PRKCD|PRKCE|SRC|YES1,REACTOME_SIGNALING_BY_ERBB2
EGFR|ERBB2|ERBB3|ERBB4|PIK3CA,REACTOME_SIGNALING_BY_ERBB2_IN_CANCER
EGFR|ERBB3|ERBB4|PIK3CA|SRC,REACTOME_SIGNALING_BY_ERBB4
LYN|PIK3CA|PIK3CB|PIK3CD|PIK3CG,REACTOME_SIGNALING_BY_ERYTHROPOIETIN
BRAF|FGFR1|FGFR2|FGFR3|FGFR4|MKNK1|PIK3CA|SRC,REACTOME_SIGNALING_BY_FGFR
BRAF|FGFR1|MKNK1|PIK3CA|SRC,REACTOME_SIGNALING_BY_FGFR1
BRAF|FGFR2|MKNK1|PIK3CA|SRC,REACTOME_SIGNALING_BY_FGFR2
BRAF|FGFR3|MKNK1|PIK3CA|SRC,REACTOME_SIGNALING_BY_FGFR3
BRAF|FGFR4|MKNK1|PIK3CA|SRC,REACTOME_SIGNALING_BY_FGFR4
FGFR1|FGFR2|FGFR3|FGFR4|PIK3CA,REACTOME_SIGNALING_BY_FGFR_IN_DISEASE
AKT1|AKT2|AKT3|BTK|CAMK2A|CAMK2B|CAMK2D|CAMK2G|CAMK4|CAMKK1|CAMKK2|CDK5|EGFR|PAK1|PDPK1|PIK3CA|PIK3CG|PRKCD|PRKCE|PRKCH|PRKCQ|PRKX|ROCK1|ROCK2|SRC,REACTOME_SIGNALING_BY_GPCR
AKT2|FGFR1|FGFR2|FGFR3|FGFR4|FLT3|INSR|PDPK1|PIK3CA|PIK3CB,REACTOME_SIGNALING_BY_INSULIN_RECEPTOR
AKT1|CSF1R|FYN|HCK|IRAK1|IRAK3|IRAK4|LCK|LYN|MAP3K3|MAPKAPK2|PAK2|PIK3CA|PIK3CB|PIK3CD|PIM1|RIPK2|SYK|TBK1|TEC|YES1,REACTOME_SIGNALING_BY_INTERLEUKINS
FYN|KIT|LCK|LYN|PIK3CA|SRC|YES1,REACTOME_SIGNALING_BY_KIT_IN_DISEASE
BRAF|CAMK2A|CAMK2B|CAMK2D|CAMK2G|CSK|MARK3|RAF1|SRC,REACTOME_SIGNALING_BY_MODERATE_KINASE_ACTIVITY_BRAF_MUTANTS
AKT1|CDK8|EGFR|FLT4|PRKCI,REACTOME_SIGNALING_BY_NOTCH
CDK5|DOCK3|FYN|PIK3CA|SRC,REACTOME_SIGNALING_BY_NTRK2_TRKB
BRAF|CDK5|DOCK3|EGR2|FYN|MAPKAPK2|PIK3CA|PIK3CB|SGK1|SRC,REACTOME_SIGNALING_BY_NTRKS
AKT1|AKT2|AKT3|CDK9|EGFR|ERBB4|IGF1R|PCK1|PDPK1|PIK3CA|PTK2|SPHK1|SRC,REACTOME_SIGNALING_BY_NUCLEAR_RECEPTORS
PDGFRA|PDGFRB|PIK3CA|PIK3CB|SRC,REACTOME_SIGNALING_BY_PDGF
AKT1|CDK2|EGFR|ERBB2|ERBB3|ERBB4|LRRK2|SRMS,REACTOME_SIGNALING_BY_PTK6
AKT1|AKT2|AKT3|ALK|AXL|BRAF|BRK1|CDK5|CHEK1|CSK|DOCK3|EGFR|EGR2|ERBB2|ERBB3|ERBB4|FER|FES|FGFR1|FGFR2|FGFR3|FGFR4|FLT1|FLT3|FLT4|FYN|IGF1R|INSR|KIT|LCK|LTK|LYN|MAPKAPK2|MET|MKNK1|MST1|MST1R|MTOR|PAK1|PAK2|PAK3|PDGFRA|PDGFRB|PDPK1|PIK3CA|PIK3CB|PRKCD|PRKCE|PTK2|ROCK1|ROCK2|SGK1|SPHK1|SRC|TEC|TNK2|YES1,REACTOME_SIGNALING_BY_RECEPTOR_TYROSINE_KINASES
ABL1|ABL2|AURKB|BRK1|BTK|CDC25C|CIT|CSK|DOCK3|DOCK4|EPHA2|LCK|LIMK1|LIMK2|MYLK|MYO9A|PAK1|PAK2|PAK3|PAK4|PAK6|PDPK1|PIK3CA|PKN1|PKN2|PLK1|PRKCD|PTK2|ROCK1|ROCK2|SLK|SRC|TAOK1|TAOK3|TRAK1|TRAK2|VRK2|ZAP70,REACTOME_SIGNALING_BY_RHO_GTPASES_MIRO_GTPASES_AND_RHOBTB3
ABL1|ABL2|PAK1|PAK2|PAK3|PAK4|PAK6|SRC,REACTOME_SIGNALING_BY_ROBO_RECEPTORS
CHEK1|FER|FES|FYN|KIT|LCK|LYN|PIK3CA|SRC|TEC|YES1,REACTOME_SIGNALING_BY_SCF_KIT
ACVR1B|ACVR2A|ACVR2B|ACVRL1|BMPR1A|BMPR1B|BMPR2|CDK8|CDK9|TGFBR1|TGFBR2,REACTOME_SIGNALING_BY_TGFB_FAMILY_MEMBERS
BLK|BTK|FYN|LYN|PIK3CD|SYK,REACTOME_SIGNALING_BY_THE_B_CELL_RECEPTOR_BCR
AKT2|FGFR1|FGFR2|FGFR3|FGFR4|FLT3|IGF1R|PDPK1|PIK3CA|PIK3CB,REACTOME_SIGNALING_BY_TYPE_1_INSULIN_LIKE_GROWTH_FACTOR_1_RECEPTOR_IGF1R
AKT1|AKT2|AKT3|AXL|BRK1|FLT1|FLT4|FYN|MAPKAPK2|MTOR|PAK1|PAK2|PAK3|PDPK1|PIK3CA|PIK3CB|PRKCD|PTK2|ROCK1|ROCK2|SPHK1|SRC,REACTOME_SIGNALING_BY_VEGF
AKT1|AKT2|CAMK2A|CSNK1A1|CSNK1E|CSNK1G2|CSNK2A1|CSNK2A2|GSK3B|NLK|PIP5K1B|PRKG1|PRKG2,REACTOME_SIGNALING_BY_WNT
CSNK2A1|CSNK2A2|EGFR|FGFR1|PAK1,REACTOME_SIGNAL_TRANSDUCTION_BY_L1
CSNK1G2|PRKD1|PRKD2|PRKD3|SPHK1,REACTOME_SPHINGOLIPID_DE_NOVO_BIOSYNTHESIS
CSNK1G2|PRKD1|PRKD2|PRKD3|SPHK1,REACTOME_SPHINGOLIPID_METABOLISM
RAF1|RIPK1|RIPK3|SGK1|SGK3|TRPM6,REACTOME_STIMULI_SENSING_CHANNELS
BMX|PIK3C2A|PIK3C2B|PIK3CA|PIK3CB|PIK3CD|PIK3CG|PIP5K1A|PIP5K1B|PIP5K1C,REACTOME_SYNTHESIS_OF_PIPS_AT_THE_PLASMA_MEMBRANE
AKT1|AKT2|AKT3|CDK2|CDK7|GSK3B|WEE1,REACTOME_S_PHASE
AKT1|AKT2|CSNK1A1|CSNK1E|CSNK1G2|CSNK2A1|CSNK2A2|GSK3B|PIP5K1B,REACTOME_TCF_DEPENDENT_SIGNALING_IN_RESPONSE_TO_WNT
CSK|ITK|LCK|PAK1|PAK2|PAK3|PDPK1|PIK3CA|PIK3CB|PRKCQ|RIPK2|ZAP70,REACTOME_TCR_SIGNALING
IRAK1|IRAK4|MAP3K1|MAPKAPK2|RIPK2,REACTOME_TOLL_LIKE_RECEPTOR_9_TLR9_CASCADE
BTK|CTSK|IRAK1|IRAK3|IRAK4|MAP3K1|MAPKAPK2|RIPK1|RIPK2|RIPK3|TBK1,REACTOME_TOLL_LIKE_RECEPTOR_CASCADES
BTK|IRAK1|IRAK3|IRAK4|MAP3K1|MAPKAPK2|RIPK2,REACTOME_TOLL_LIKE_RECEPTOR_TLR1_TLR2_CASCADE
AURKA|CDC25C|CDK2|PLK2|PLK3,REACTOME_TP53_REGULATES_TRANSCRIPTION_OF_CELL_CYCLE_GENES
AURKB|CAMK2A|CAMK2B|CAMK2D|CAMK2G|CAMK4|HIPK2|IRAK1|MET|SGK1,REACTOME_TRANSCRIPTIONAL_REGULATION_BY_MECP2
ABL1|BLK|CDK7|CSNK2A1|CSNK2A2|CTSK|HIPK2|PRKCQ|SRC,REACTOME_TRANSCRIPTIONAL_REGULATION_BY_RUNX1
ABL1|AKT1|AKT2|AKT3|GSK3B|SRC|YES1,REACTOME_TRANSCRIPTIONAL_REGULATION_BY_RUNX2
AKT1|AKT2|AKT3|AURKA|AURKB|CDC25C|CDK2|CDK5|CDK7|CDK9|CHEK1|CHEK2|CSNK2A1|CSNK2A2|DYRK2|HIPK1|HIPK2|MAPKAPK5|MTOR|NDRG1|PDPK1|PLK2|PLK3|SGK1,REACTOME_TRANSCRIPTIONAL_REGULATION_BY_TP53
CSNK1A1|GSK3A|GSK3B|SRPK1|SRPK2,REACTOME_TRANSLATION_OF_SARS_COV_2_STRUCTURAL_PROTEINS
CAMK1|CAMK2A|CAMK2B|CAMK2D|CAMK2G|CAMK4|CAMKK1|CAMKK2|CASK|ERBB4|GRIK5|PDPK1|PRKX|SRC,REACTOME_TRANSMISSION_ACROSS_CHEMICAL_SYNAPSES
CAMK2A|CAMK2B|CAMK2D|CAMK2G|RAF1|RIPK1|RIPK3|SGK1|SGK3|TRPM6,REACTOME_TRANSPORT_OF_SMALL_MOLECULES
AKT1|AKT2|AKT3|MTOR|PAK1|PAK2|PAK3|PDPK1,REACTOME_VEGFR2_MEDIATED_VASCULAR_PERMEABILITY
AAK1|AKT1|AKT2|AKT3|ANK1|ANK2|ANK3|CSNK1D|EGFR|GAK|PIK3C2A|PIP5K1C|SRC|ULK1,REACTOME_VESICLE_MEDIATED_TRANSPORT
AKT1|AKT2|AKT3|BTK|CDK7|CDK8|CDK9|CSNK1A1|CSNK2A1|CSNK2A2|EGFR|FYN|GSK3A|GSK3B|HCK|IGF1R|IRAK1|LCK|PAK2|PDPK1|RIPK1|RIPK2|RIPK3|ROCK1|ROCK2|SRPK1|SRPK2|SYK|TBK1,REACTOME_VIRAL_INFECTION_PATHWAYS
EGFR|FGFR1|FGFR2|PAK4|PLK1|RAF1,WP_22Q112_COPY_NUMBER_VARIATION_SYNDROME
AKT1|MKNK1|MKNK2|MTOR|PIK3CA|PIK3CB|PIK3CD|RAF1,WP_4HYDROXYTAMOXIFEN_DEXAMETHASONE_AND_RETINOIC_ACIDS_REGULATION_OF_P27_EXPRESSION
AKT1|AKT2|AKT3|BRAF|CSF1R|FLT3|KIT|MTOR|PIK3CA|PIK3CB|PIK3CD|PIM1|PIM2|RAF1,WP_ACUTE_MYELOID_LEUKEMIA
ABL1|ABL2|AKT1|FYN|GSK3B|SRC,WP_ACUTE_VIRAL_MYOCARDITIS
ABL1|ABL2|AKT1|AKT2|AKT3|EGFR|INSR|KIT|MTOR|PDGFRA|PDGFRB|PIK3CA|PIK3CB|PIK3CD|PRKCD|ULK1,WP_ADHD_AND_AUTISM_ASD_PATHWAYS
AKT1|EGFR|INSR|IRAK4|PRKCD|RAF1|ROCK1|SRC,WP_AGERAGE_PATHWAY
AKT1|AKT2|AKT3|GSK3B|MTOR|PIK3C2A|PIK3C2B|PIK3CA|PIK3CB|PIK3CD|PIK3CG,WP_AKT_SIGNALING_AND_ARTD_FAMILY_MEMBERS
AKT1|MTOR|PRKCD|PTK2|SRC,WP_ALPHA_6_BETA_4_SIGNALING
AKT1|AKT2|AKT3|BRAF|CDK5|CSNK1A1|CSNK1A1L|CSNK1E|CSNK2A1|CSNK2A2|ERN1|GSK3B|INSR|MTOR|PIK3CA|PIK3CB|PIK3CD|RAF1|ULK1|ULK2,WP_ALZHEIMERS_DISEASE
AKT1|AKT2|AKT3|BRAF|CDK5|CSNK1A1|CSNK1A1L|CSNK1E|CSNK2A1|CSNK2A2|ERN1|GSK3B|INSR|MTOR|PIK3CA|PIK3CB|PIK3CD|RAF1|ULK1|ULK2,WP_ALZHEIMERS_DISEASE_AND_MIRNA_EFFECTS
AKT1|AKT2|CAMKK1|CAMKK2|INSR|MTOR|PIK3CA|PIK3CB|PIK3CD|PIK3CG,WP_AMPACTIVATED_PROTEIN_KINASE_SIGNALING
AKT1|CDK2|CHEK1|CHEK2|MTOR|NDRG1|PAK1|PIK3CA|PLK1|RAF1,WP_ANDROGEN_RECEPTOR_NETWORK_IN_PROSTATE_CANCER
AKT1|EGFR|GSK3B|LIMK2|PAK6|PARK7|PTK2|ROCK1|ROCK2|SRC,WP_ANDROGEN_RECEPTOR_SIGNALING
AKT1|FGFR2|FLT1|PDGFRA|PIK3CA|PTK2|SRC,WP_ANGIOGENESIS
AKT1|AKT2|GSK3A|GSK3B|INSR|MAP3K1|MAP3K2|MAP3K3|MAP3K4|MAP4K2|MAP4K3|MAP4K4|MAP4K5|MINK1|MTOR|PCK1|PDPK1|PIK3C2A|PIK3CA|PIK3CB|PIK3CD|PIK3CG|RAF1,WP_ANGIOPOIETINLIKE_PROTEIN_8_REGULATORY_PATHWAY
ABL1|AKT1|ERBB3|ERN1|PAK2|PKN1|PTK2|RIPK2,WP_APOPTOSISRELATED_NETWORK_DUE_TO_ALTERED_NOTCH3_IN_OVARIAN_CANCER
BIK|BLK|IRAK1|PRKD1|RIPK1,WP_APOPTOSIS_MODULATION_AND_SIGNALING
AKT1|AKT2|AKT3|GSK3A|GSK3B|PIK3CG,WP_APOPTOSIS_REGULATION_BY_PARATHYROID_HORMONERELATED_PROTEIN
CDK2|EGFR|RAF1|RET|SRC,WP_ARYL_HYDROCARBON_RECEPTOR_PATHWAY_WP2586
ABL1|CDC25C|CDK2|CHEK1|CHEK2|RIPK1|TLK1,WP_ATM_SIGNALING
AURKB|CDK2|CDK5|CHEK1|CHEK2|MTOR,WP_ATM_SIGNALING_IN_DEVELOPMENT_AND_DISEASE
ABL1|BMPR1B|BMPR2|CDK5|EPHA2|EPHB1|FES|FYN|GSK3B|MET|PDPK1|RAF1|ROCK1|SRC,WP_AXON_GUIDANCE
AKT1|BRAF|MKNK1|MTOR|PIK3CG,WP_BDNFTRKB_SIGNALING
BRAF|DAPK1|DAPK2|DAPK3|EGFR|ERBB2|FGFR3|RAF1|SRC,WP_BLADDER_CANCER
AKT1|CAMK1|CAMK2A|CAMK4|CDK5|CDKL5|CSNK2A1|DOCK3|EGR2|FYN|GSK3B|MAP3K1|MAP3K2|MTOR|PDPK1|PRKCD|RAF1|SRC,WP_BRAINDERIVED_NEUROTROPHIC_FACTOR_BDNF_SIGNALING
AKT1|AKT2|AKT3|BRAF|CSNK1A1|CSNK1A1L|CSNK2A1|CSNK2A2|EGFR|ERBB2|FGFR1|FLT4|GSK3B|IGF1R|KIT|MTOR|PIK3CA|PIK3CD|RAF1,WP_BREAST_CANCER_PATHWAY
AKT1|FGFR1|FGFR2|FGFR3|FGFR4|PDGFRB,WP_BURN_WOUND_HEALING
AKT1|BLK|BRAF|BTK|CAMK2A|FYN|GSK3A|GSK3B|LCK|LYN|PDPK1|PIK3CG|PIP5K1A|PIP5K1B|PIP5K1C|PRKCD|RAF1|SYK|TEC,WP_B_CELL_RECEPTOR_SIGNALING
CAMK1|CAMK2A|CAMK2B|CAMK2D|CAMK2G|CAMK4|GRK4|PRKCD|PRKCE|PRKCH|PRKCQ|PRKD1,WP_CALCIUM_REGULATION_IN_CARDIAC_CELLS
CAMK1|CAMK4|CAMKK2|HK1|MTOR|PAK1|RAF1|ULK1,WP_CAMKK2_PATHWAY
ABL1|AKT1|AKT2|AKT3|ALK|BRAF|CAMK2A|CAMK2B|CAMK2D|CAMK2G|CDK2|CSF1R|DAPK1|DAPK2|DAPK3|EGFR|ERBB2|FGFR1|FGFR2|FGFR3|FGFR4|FLT3|FLT4|GSK3B|IGF1R|KIT|MET|MGST2|MGST3|MST1|MTOR|PDGFRA|PDGFRB|PIK3CA|PIK3CB|PIK3CD|PIM1|PIM2|PTK2|RAF1|RET|ROCK1|ROCK2|TGFBR1|TGFBR2,WP_CANCER_PATHWAYS
AKT1|AKT2|CAMK2D|CDK7|CDK9|FGFR2|GSK3B|MAP3K1|MTOR|PDPK1|PRKD1|PRKG1|RAF1|TGFBR1,WP_CARDIAC_HYPERTROPHIC_RESPONSE
ABL1|CDC25C|CDK2|CDK7|CHEK1|CHEK2|GSK3B|PKMYT1|PLK1|TTK|WEE1,WP_CELL_CYCLE
AKT1|AKT2|AKT3|BRAF|CSK|FGR|GRK1|GRK4|GSK3B|HCK|ITK|LYN|PAK1|PIK3CA|PIK3CB|PIK3CD|PIK3CG|PRKCD|PRKX|PTK2|RAF1|ROCK1|ROCK2,WP_CHEMOKINE_SIGNALING
AKT1|AKT2|AKT3|BRAF|CSNK1A1|CSNK1A1L|GSK3B|RAF1|TBK1|TGFBR1|TGFBR2,WP_CHROMOSOMAL_AND_MICROSATELLITE_INSTABILITY_IN_COLORECTAL_CANCER
PRKCD|PRKCE|PRKCH|PRKCI|PRKCQ|PRKD3,WP_CHRONIC_HYPERGLYCEMIA_IMPAIRMENT_OF_NEURON_FUNCTION
MAK|NEK1|NEK2|NEK9|PLK4,WP_CILIOPATHIES
CSNK1D|CSNK1E|DYRK1A|GSK3B|PRKG2|ROCK2,WP_CIRCADIAN_RHYTHM_GENES
AKT1|CAMK1|EGFR|FLT1|HK1|ME1|MTOR|PDGFRA|PDGFRB,WP_CLEAR_CELL_RENAL_CELL_CARCINOMA_PATHWAYS
AKT1|BMPR2|CTSK|MTOR|ULK1,WP_CLOCKCONTROLLED_AUTOPHAGY_IN_BONE_METABOLISM
AXL|MARK1|MARK2|MARK3|MERTK|PRKCI|TYRO3,WP_COMPLEMENT_SYSTEM_IN_NEURONAL_DEVELOPMENT_AND_PLASTICITY
AKT1|BRAF|CAMK2A|ERN1|GSK3B|PRKCD|PRKCI|PRKCQ|PTK2|RAF1,WP_CORTICOTROPINRELEASING_HORMONE_SIGNALING
AKT1|AKT2|AKT3|CDK2|EGFR|ERBB2|IGF1R|MTOR|PIK3C2A|PIK3C2B|PIK3CA|PIK3CB|PIK3CD|PIK3CG|RAF1,WP_CYCLINDEPENDENT_KINASE_46_INHIBITORS_IN_BREAST_CANCER
ACVR1|ACVR1B|ACVR2A|ACVR2B|ACVRL1|BMPR1A|BMPR1B|BMPR2|CSF1R|TGFBR1|TGFBR2,WP_CYTOKINECYTOKINE_RECEPTOR_INTERACTION
ABL1|AKT1|CDC25C|CDK2|CDK5|CHEK1|CHEK2|TLK1|TLK2,WP_DNA_DAMAGE_RESPONSE
ABL1|AKT1|AKT2|AKT3|BIK|ERBB2|GSK3B|INSR|MAP3K1|MAP3K4|PIK3C2A|PIK3C2B|PIK3CA|PIK3CB|PIK3CD|PIK3CG,WP_DNA_DAMAGE_RESPONSE_ONLY_ATM_DEPENDENT
CDC25C|CDK2|CHEK1|CHEK2|CLK2|PLK1,WP_DNA_IRDAMAGE_AND_CELLULAR_RESPONSE_VIA_ATR
ABL1|CDC25C|CDK5|CHEK1|CHEK2|LATS1,WP_DNA_IRDOUBLE_STRAND_BREAKS_AND_CELLULAR_RESPONSE_VIA_ATM
CSNK1A1|DYRK1A|GSK3B|LATS2|MTOR,WP_DYRK1A_INVOLVEMENT_REGARDING_CELL_PROLIFERATION_IN_BRAIN_DEVELOPMENT
AKT1|AXL|EGFR|IGF1R|MERTK|PAK1|PIK3CA|PIK3CB|PIK3CD|PRKRA|TBK1|TYRO3,WP_EBOLA_VIRUS_INFECTION_IN_HOST
BMPR1A|FGFR2|FYN|NLK|PIM1,WP_ECTODERM_DIFFERENTIATION
ABL1|AKT1|AKT2|AKT3|BRAF|MAP3K2|PIK3CA|PTK2|RAF1|SRC,WP_EFFECT_OF_DASATINIB_ON_THE_BCRABL_SIGNALING_PATHWAY
AKT1|AKT2|AKT3|EGFR|MTOR|PIK3C2A|PIK3C2B|PIK3CA|PIK3CB|PIK3CD|PIK3CG|RAF1,WP_EFFECT_OF_OMEGA3_PUFA_ON_HUNTINGTONS_DISEASE_PATHWAYS
ABL1|AKT1|AURKA|BRAF|CAMK2A|CSK|EGFR|ERBB2|LIMK2|MAP3K1|MAP3K2|MAP3K3|MAP3K4|MTOR|PAK1|PDPK1|PIK3C2B|PRKCD|PRKCI|PTK2|RAF1|ROCK1|SRC|TNK2,WP_EGFEGFR_SIGNALING
AKT1|AKT2|AKT3|AXL|BRAF|EGFR|ERBB2|ERBB3|FGFR2|FGFR3|GSK3B|IGF1R|MET|MTOR|PDGFRA|PDGFRB|PDPK1|PIK3CA|PIK3CB|PIK3CD|RAF1|SRC,WP_EGFR_TYROSINE_KINASE_INHIBITOR_RESISTANCE
ACVR1|ACVR2B|AKT1|AKT2|AKT3|BMPR1A|BMPR1B|BMPR2|BRAF|EGFR|FGFR1|FGFR2|FGFR3|FGFR4|GSK3B|MTOR|PDGFRA|PDGFRB|PIK3CD|RAF1,WP_EMBRYONIC_STEM_CELL_PLURIPOTENCY_PATHWAYS
AKT1|BMPR1A|DDR2|FGFR1|FGFR3|IGF1R,WP_ENDOCHONDRAL_OSSIFICATION
AKT1|BMPR1A|DDR2|FGFR1|FGFR3|IGF1R,WP_ENDOCHONDRAL_OSSIFICATION_WITH_SKELETAL_DYSPLASIAS
AKT1|AKT2|AKT3|BRAF|EGFR|ERBB2|FGFR1|FGFR2|FGFR3|GSK3B|PDPK1|PIK3CA|PIK3CB|PIK3CD|RAF1,WP_ENDOMETRIAL_CANCER
AKT1|AKT2|AKT3|CDKL2|GSK3B|LATS2|PAK1|PIK3CA|PIK3CB|PIK3CD|RAF1|TGFBR1|TGFBR2,WP_EPITHELIAL_TO_MESENCHYMAL_TRANSITION_IN_COLORECTAL_CANCER
ABL1|ABL2|AKT1|AKT2|AKT3|BRAF|CAMK2A|CAMK2B|CAMK2D|CAMK2G|EGFR|ERBB2|ERBB3|ERBB4|GSK3B|MTOR|PAK1|PAK2|PAK3|PAK4|PAK6|PDPK1|PIK3CA|PIK3CB|PIK3CD|PTK2|RAF1|SRC,WP_ERBB_SIGNALING
AKT1|EGFR|ERBB2|MET|MTOR|RAF1|TGFBR1|TGFBR2,WP_EXTRACELLULAR_VESICLEMEDIATED_SIGNALING_IN_RECIPIENT_CELLS
ACVR2B|AKT1|GSK3B|IGF1R|MTOR|PIK3CG,WP_FACTORS_AND_PATHWAYS_AFFECTING_INSULINLIKE_GROWTH_FACTOR_IGF1AKT_SIGNALING
MAP3K1|MAPKAPK2|PAK1|PAK2|RIPK2,WP_FAS_LIGAND_PATHWAY_AND_STRESS_INDUCTION_OF_HEAT_SHOCK_PROTEINS
AAK1|ABL1|ANK2|CSNK1E|CSNK1G1|CSNK1G2|CSNK1G3|LRRK2|PIK3C2A|PIK3CB|PIK3CG|PIP5K1C|TNK2,WP_FATTY_ACID_AND_LIPOPROTEIN_TRANSPORT_IN_HEPATOCYTES
AKT1|IRAK1|IRAK4|PIK3CA|SRC|SYK,WP_FIBRIN_COMPLEMENT_RECEPTOR_3_SIGNALING
AKT1|AKT2|AKT3|BLK|BRAF|EGFR|ERBB2|FGR|FLT1|FYN|GSK3B|HCK|IGF1R|MET|MYLK|MYLK2|MYLK3|MYLK4|PAK1|PAK2|PAK3|PAK4|PAK6|PDGFRA|PDGFRB|PDPK1|PIK3CA|PIK3CB|PIK3CD|PIP5K1C|PTK2|RAF1|ROCK1|ROCK2|SRC|SRMS|TNK1|TNK2|TXK,WP_FOCAL_ADHESION
AKT1|AKT2|AKT3|CSF1R|EGFR|EPHA2|FGFR1|FGFR2|FGFR3|FGFR4|FLT1|FLT4|GSK3B|IGF1R|INSR|KIT|MET|MTOR|PDGFRA|PDGFRB|PDPK1|PIK3C2A|PIK3C2B|PIK3CA|PIK3CB|PIK3CD|PIK3CG|PTK2|RAF1|ULK1,WP_FOCAL_ADHESION_PI3KAKTMTORSIGNALING
AKT1|MTOR|RAF1|SGK1|SRC,WP_FOLLICLE_STIMULATING_HORMONE_FSH_SIGNALING
AKT1|BRAF|CAMK1|CAMK2A|CAMK2B|CAMK4|EPHA4|FYN|MKNK1|MTOR|PIK3CB|RAF1|SRC,WP_FRAGILE_X_SYNDROME
CIT|LIMK1|MAP3K4|PAK3|PIK3CA|PIK3CB|PIK3CD|PKN1|ROCK1|ROCK2|TNK2,WP_G13_SIGNALING
AKT1|EGFR|FYN|GSK3B|KIT|MTOR|PAK1|PIK3CA|PRKCD|PRKCE|PRKCH|PRKCQ|PRKD1|PRKD2|PTK2|RAF1|ROCK1|SRC|YES1,WP_GASTRIN_SIGNALING
AKT1|AKT2|AKT3|BRAF|CDK2|EGFR|ERBB2|ERBB3|FGFR1|FGFR2|IGF1R|MET|PDGFRA|PDGFRB|PDPK1|PIK3C2A|PIK3C2B|PIK3CA|PIK3CB|PIK3CD|PIK3CG|PRKCD|PRKCH|PRKCI|PRKCQ|RAF1|SRC,WP_GLIOBLASTOMA_SIGNALING
PIK3CA|PIK3CB|PIK3CD|PIK3CG|PIP5K1A,WP_GLYCEROPHOSPHOLIPID_BIOSYNTHETIC_PATHWAY
PKN1|PKN2|PRKCD|PRKCE|PRKCH|PRKCI|PRKCQ|PRKD1|PRKD2|PRKD3,WP_GNAQ_PR183Q_DRIVES_CAPILLARY_MALFORMATION
AKT1|AKT2|AKT3|BRAF|CDK2|FLT1|IGF1R|INSR|TGFBR1,WP_GROWTH_FACTORS_AND_HORMONES_IN_BETA_CELL_PROLIFERATION
PRKCD|PRKCE|PRKCH|PRKCI|PRKCQ|PRKD1|PRKD3,WP_G_PROTEIN_SIGNALING
AKT1|AKT2|AKT3|BRAF|CSF1R|CSNK1A1|EGFR|EPHA2|FGFR1|FGFR2|FGFR3|FGFR4|FLT1|FLT3|FLT4|GSK3B|IGF1R|INSR|KIT|MET|MTOR|PDGFRA|PDGFRB|PIK3CA|PIK3CB|PIK3CD|PIK3CG|PTK2|RAF1|SRC|ULK2,WP_HALLMARK_OF_CANCER_SUSTAINING_PROLIFERATIVE_SIGNALING
AKT1|AURKA|CSNK2A2|EGFR|GSK3A|GSK3B|PARK7|PRKCE|SGK1|SGK3,WP_HDAC6_INTERACTIONS_IN_THE_CENTRAL_NERVOUS_SYSTEM
AKT1|AKT2|AKT3|EGFR|ERBB2|FGFR1|FGFR2|FGFR3|IGF1R|MTOR|PDPK1|PIK3CA|PIK3CB|PIK3CG|TGFBR2,WP_HEAD_AND_NECK_SQUAMOUS_CELL_CARCINOMA
CSNK1A1|CSNK1A1L|CSNK1D|CSNK1E|CSNK1G1|CSNK1G2|CSNK1G3,WP_HEDGEHOG_SIGNALING_WP4249
AKT1|AKT2|AKT3|BRAF|EGR2|IRAK1|IRAK4|MAP3K1|PIK3CA|PIK3CB|PIK3CD|RAF1|SRC|TBK1|TGFBR1|TGFBR2,WP_HEPATITIS_B_INFECTION
MET|PAK1|PIK3CA|PTK2|RAF1|SRC,WP_HEPATOCYTE_GROWTH_FACTOR_RECEPTOR_SIGNALING
CAMK2A|CAMK2B|CAMK4|CAMKK1|CAMKK2,WP_HIPPOCAMPAL_SYNAPTOGENESIS_AND_NEUROGENESIS
CSF1R|EGFR|EPHA2|FGFR1|FGFR2|FGFR3|FGFR4|FLT1|FLT3|FLT4|IGF1R|INSR|KIT|LATS1|LATS2|MET|MST1|PAK1|PAK2|PAK3|PAK4|PAK6|PDGFRA|PDGFRB|PTK2,WP_HIPPOMERLIN_SIGNALING_DYSREGULATION
LATS1|LATS2|MAP4K2|MAP4K3|MAP4K4|MINK1|MST1|NDRG1|TNIK,WP_HIPPOYAP_SIGNALING
CSF1R|EGFR|EPHA2|FGFR1|FGFR2|FGFR3|FGFR4|FLT1|FLT3|FLT4|IGF1R|INSR|KIT|LATS1|LATS2|MET|MST1|MTOR|PDGFRA|PDGFRB|PRKCD|PRKCE|PRKCH|PRKCI|PRKCQ|PRKD3,WP_HIPPO_SIGNALING_REGULATION
AKT1|FES|FYN|PDPK1|RAF1|SRC|YES1,WP_IL11_SIGNALING
GSK3B|IRAK1|LCK|PKN1|PRKCD,WP_IL18_SIGNALING
AKT1|IRAK1|IRAK3|IRAK4|MAP3K1|MAP3K2|MAP3K3|MAPKAPK2,WP_IL1_SIGNALING
AKT1|FYN|LCK|RAF1|SYK,WP_IL2_SIGNALING
AKT1|FYN|HCK|LYN|PIK3CD|RAF1|SRC|SYK,WP_IL3_SIGNALING
AKT1|BTK|GSK3A|GSK3B|LYN|PIK3CG|RAF1|SYK,WP_IL5_SIGNALING
AKT1|GSK3B|HCK|NLK|PRKCD,WP_IL6_SIGNALING
ABL1|CSF1R|FLT1|KIT|PDGFRA|PDGFRB|PIM1|PIM2,WP_IMATINIB_AND_CHRONIC_MYELOID_LEUKEMIA
AKT1|AKT2|AKT3|LATS1|LATS2|MTOR|PIK3CA|PIK3CB|PIK3CD|PKN1|PKN2|PTK2|ROCK1,WP_INHIBITION_OF_GNAQREGULATED_SIGNALING_IN_UVEAL_MELANOMA
AKT1|AKT2|GSK3A|GSK3B|IGF1R|INSR|MAP3K1|MAP3K2|MAP3K3|MAP3K4|MAP4K2|MAP4K3|MAP4K4|MAP4K5|MINK1|MTOR|PDPK1|PIK3C2A|PIK3CA|PIK3CB|PIK3CD|PIK3CG|PRKCD|PRKCH|PRKCI|PRKCQ|RAF1|SGK1|SGK3,WP_INSULIN_SIGNALING
ABL1|AKT1|AURKA|BMPR1A|BMPR2|BRAF|CDK2|CDK7|CHEK1|CHEK2|CSNK1D|EGFR|FER|GSK3A|HIPK2|MTOR|PAK1|PLK1|PLK3|TGFBR1|TGFBR2|WEE1,WP_INTEGRATED_BREAST_CANCER_PATHWAY
AKT1|CDK2|CHEK1|CHEK2|PLK1,WP_INTEGRATED_CANCER_PATHWAY
AKT1|AKT2|AKT3|BRAF|CSK|FYN|MYLK2|PAK1|PAK2|PAK3|PAK4|PAK6|PDPK1|PTK2|RAF1|ROCK1|ROCK2|SRC,WP_INTEGRINMEDIATED_CELL_ADHESION
FYN|LCK|MAP3K1|MTOR|PIK3CD|ZAP70,WP_INTERFERON_TYPE_I_SIGNALING
IRAK1|IRAK4|MAP3K1|MAP3K3|MAPKAPK2|MKNK1|MKNK2,WP_INTERLEUKIN1_IL1_STRUCTURAL_PATHWAY
AKT1|AKT2|PIK3CA|PIK3CB|PIK3CD|PIK3CG|PRKCD|PRKCE|PRKCH|PRKCQ|RAF1,WP_KISSPEPTINKISSPEPTIN_RECEPTOR_SYSTEM_IN_THE_OVARY
AKT1|BTK|FYN|KIT|LYN|RAF1|SRC|TEC,WP_KIT_RECEPTOR_SIGNALING
AKT1|ERBB2|FYN|GSK3A|GSK3B|MTOR|PTK2|RAF1|ROCK1|ROCK2|SRC,WP_LEPTIN_SIGNALING
CDK8|CSNK1A1|CSNK1A1L|CSNK1E|CSNK2A1|CSNK2A2|GSK3B|NLK,WP_LNCRNA_IN_CANONICAL_WNT_SIGNALING_AND_COLORECTAL_CANCER
ABL1|AKT1|FGFR1|FLT1|GSK3B|IGF1R|MST1|MST1R|MTOR|NDRG1|PDGFRA|PDGFRB|PDPK1|PTK2|RAF1|SRC,WP_MACROPHAGESTIMULATING_PROTEIN_MSP_SIGNALING
FGFR2|GSK3B|MAP3K1|MAP3K4|ROCK1,WP_MAP3K1_ROLE_IN_PROMOTING_AND_BLOCKING_GONADAL_DETERMINATION
BRAF|MAP3K1|MAP3K2|MAP3K3|RAF1,WP_MAPK_CASCADE
AKT1|AKT2|AKT3|BRAF|EGFR|FGFR1|FGFR2|FGFR3|FGFR4|LRRK2|MAP3K1|MAP3K2|MAP3K4|MAP4K2|MAP4K3|MAP4K4|MAPKAPK2|MAPKAPK5|MKNK1|MKNK2|NLK|PAK1|PAK2|PDGFRB|PRKCD|RAF1|TAOK1|TAOK2|TAOK3|TGFBR1|TGFBR2,WP_MAPK_SIGNALING
CDK2|CSNK2A1|CSNK2A2|EIF2AK1|IRAK1|IRAK4|PIK3CA|PIK3CB|PIK3CD|TBK1,WP_MEASLES_VIRUS_INFECTION
LATS1|MAP4K2|MAP4K3|MAP4K4|MAP4K5|MST1|PAK1|PAK2|PAK3|PAK4|PAK6|SRC,WP_MECHANOREGULATION_AND_PATHOLOGY_OF_YAPTAZ_VIA_HIPPO_AND_NONHIPPO_MECHANISMS
AKT1|CAMK2A|IGF1R|MTOR|SGK1,WP_MECP2_AND_ASSOCIATED_RETT_SYNDROME
AKT1|AKT2|AKT3|BRAF|ERBB4|KIT|PAK1|PIK3CA|PIK3CB|PIK3CD|RAF1,WP_MELANOMA
CAMK2A|CSNK1D|CSNK1E|GSK3B|IRAK1,WP_MELATONIN_METABOLISM_AND_EFFECTS
ACVR1|ACVR2A|ACVR2B|BMPR1A|BMPR2|FGFR1|LATS1|NLK,WP_MESODERMAL_COMMITMENT_PATHWAY
AKT1|AKT2|AKT3|ALK|BRAF|MET|PAK1|PAK2|PAK3|PAK4|PAK6|PIK3CA|PIK3CB|PIK3CD|PTK2|RAF1|SRC,WP_MET_IN_TYPE_1_PAPILLARY_RENAL_CELL_CARCINOMA
HCK|LYN|PIK3C2A|PIK3CA|PIK3CB|PIK3CD|PIK3CG|SYK,WP_MICROGLIA_PATHOGEN_PHAGOCYTOSIS_PATHWAY
AKT1|AKT2|CAMK2D|CDK7|CDK9|FGFR2|GSK3B|IGF1R|MTOR|MYLK|MYLK3|PDPK1|PIK3CA|PIK3CB|PIK3CD|PIK3CG|PRKG1|RAF1|ROCK1|ROCK2,WP_MICRORNAS_IN_CARDIOMYOCYTE_HYPERTROPHY
ABL1|AKT1|AURKB|CAMK4|EPHB2|GSK3B|LIMK1|MAPKAPK2|MARK1|MARK2|PAK1|ROCK1|SRC|TAOK1,WP_MICROTUBULE_CYTOSKELETON_REGULATION
ABL1|CDC25C|CDK2|CDK5|CHEK1|CHEK2|TLK1|TLK2,WP_MIRNA_REGULATION_OF_DNA_DAMAGE_RESPONSE
AKT3|GSK3B|MTOR|PDGFRB|PIK3CA|RAF1,WP_MIRNA_REGULATION_OF_PROSTATE_CANCER_SIGNALING
AURKB|AXL|CSNK1D|EGFR|GAK|KIT|MET|PKN2|PLK1|PRKCI|TGFBR2,WP_MIRTARGETED_GENES_IN_LYMPHOCYTES
ACVR1B|AXL|CSNK1D|EGFR|ERBB2|ERBB3|GAK|KIT|MET|PKN2|PLK1|PRKCI|TGFBR2,WP_MIRTARGETED_GENES_IN_MUSCLE_CELL
AKT1|ITK|LCK|PDPK1|PRKCQ|ZAP70,WP_MODULATORS_OF_TCR_SIGNALING_AND_T_CELL_ACTIVATION
AKT1|CDK2|CHEK1|MTOR|PIK3CA,WP_MOLECULAR_PATHWAY_FOR_OXIDATIVE_STRESS
CLK1|CLK2|CLK3|CLK4|PRPF4|SRPK1|SRPK2,WP_MRNA_PROCESSING
CAMK2A|CAMK2B|CAMK2D|CAMK2G|GRK4|MYLK2|PRKCD|PRKCE|PRKCH|PRKCQ|PRKD1,WP_MYOMETRIAL_RELAXATION_AND_CONTRACTION_PATHWAYS
AKT3|EGFR|PIK3CD|PTK2|RAF1|SRC,WP_NANOPARTICLEMEDIATED_ACTIVATION_OF_RECEPTOR_SIGNALING
CSNK1A1|CSNK1A1L|CSNK1E|CSNK2A1|CSNK2A2|GSK3B|NLK,WP_NCRNAS_IN_WNT_SIGNALING_IN_HEPATOCELLULAR_CARCINOMA
ACVRL1|AKT1|EPHB2|EPHB4|FLT4|KIT|TGFBR1,WP_NEOVASCULARIZATION_PROCESSES
AKT1|DAPK1|FYN|PIK3CA|PTK2|RAF1|SRC,WP_NETRINUNC5B_SIGNALING
AKT1|CAMK4|FYN|IRAK1|LCK|MARK2|MTOR|NEK9|PRKCQ|TBK1|TGFBR2|ULK1|ZAP70,WP_NETWORK_MAP_OF_SARSCOV2_SIGNALING
AKT1|AKT2|AKT3|EPHB1|EPHB2|EPHB3|EPHB4|EPHB6|PAK1|PAK2|PAK3|PAK4|PAK6|PIK3CA|PIK3CB|PIK3CD|PIK3CG,WP_NEURAL_CREST_CELL_MIGRATION_DURING_DEVELOPMENT
AKT1|AKT2|AKT3|EPHB1|EPHB2|EPHB3|EPHB4|EPHB6|PAK1|PAK2|PAK3|PAK4|PAK6|PIK3CA|PIK3CB|PIK3CD|PIK3CG,WP_NEURAL_CREST_CELL_MIGRATION_IN_CANCER
CDK5|ERBB4|GSK3B|MARK2|RET,WP_NEUROGENESIS_REGULATION_IN_THE_OLFACTORY_EPITHELIUM
AKT1|CAMK2A|CAMK2B|CAMK2D|CAMK2G|CAMK4|CAMKK1|CAMKK2|GRIK5|INSR|TGFBR1|TGFBR2,WP_NEUROINFLAMMATION_AND_GLUTAMATERGIC_SIGNALING
EGFR|LIMK1|MAP3K1|MAP3K2|RAF1|ROCK2,WP_NF1_COPY_NUMBER_VARIATION_SYNDROME
CAMK2A|CAMK2B|CAMK2D|CAMK2G|PRKG2,WP_NOCGMPPKG_MEDIATED_NEUROPROTECTION
AKT1|AKT2|AKT3|ERN1|GSK3A|GSK3B|INSR|PIK3CA|PIK3CB|PIK3CD,WP_NONALCOHOLIC_FATTY_LIVER_DISEASE
CAMK2A|CAMK2B|CAMK2D|CAMK2G|PRKCD|PRKCE|PRKCH|PRKCQ,WP_NONGENOMIC_ACTIONS_OF_125DIHYDROXYVITAMIN_D3
AKT1|AKT2|AKT3|ALK|BRAF|EGFR|ERBB2|PIK3CA|PIK3CB|PIK3CD|RAF1,WP_NONSMALL_CELL_LUNG_CANCER
AKT1|GSK3B|LCK|MTOR|SRC,WP_NOTCH_SIGNALING_WP61
EPHB2|FYN|GSK3B|INSR|PIK3CA|SRC|YES1,WP_NRF2ARE_REGULATION
EPHA2|EPHA3|ME1|MGST2|MGST3|TGFBR2,WP_NRF2_PATHWAY
AKT1|AKT2|AKT3|CDK2|EGFR|FLT1|GSK3A|MET|PTK2|SRC|TGFBR1|TGFBR2,WP_NRP1TRIGGERED_SIGNALING_IN_PANCREATIC_CANCER
EGFR|EPHA2|EPHA3|ME1|MGST2|MGST3|PCK1|PLK2|SRC|TGFBR2,WP_NUCLEAR_RECEPTORS_METAPATHWAY
AKT1|CDK2|MTOR|PRKCD|PRKCE|PRKCH|RAF1|SRC,WP_ONCOSTATIN_M_SIGNALING
BMPR1A|CAMKK2|EGR2|FLT4|MTOR|PDPK1|PRKCD|PRKCE|PRKD1|SGK1,WP_OREXIN_RECEPTOR_PATHWAY
AKT1|AKT2|AKT3|DDR2|FGFR1|FGFR2|FGFR3|FGFR4|PIK3CA,WP_OSTEOARTHRITIC_CHONDROCYTE_HYPERTROPHY
BMPR1A|BMPR1B|BMPR2|FGFR1|FGFR2|FGFR3|FGFR4|PIK3C2A|PIK3C2B|PIK3CA|PIK3CB|PIK3CD|PIK3CG|PRKCD|PRKCE|PRKCH|PRKCI|PRKCQ|PRKD1,WP_OSTEOBLAST_DIFFERENTIATION_AND_RELATED_DISEASES
MAP3K1|MAPKAPK2|MAPKAPK5|MKNK1|RIPK1|TGFBR1,WP_P38_MAPK_SIGNALING
AURKA|CDC25C|CDK2|MTOR|ULK1|ULK2,WP_P53_TRANSCRIPTIONAL_GENE_NETWORK
AKT1|AKT2|AKT3|BRAF|EGFR|ERBB2|MTOR|PAK1|PAK2|PAK3|PAK4|PAK6|PIK3CA|PIK3CB|PIK3CD|PRKCD|RAF1|RIPK4|TGFBR1|TGFBR2,WP_PANCREATIC_ADENOCARCINOMA_PATHWAY
AKT1|CHEK1|CHEK2|ERBB2|FGFR4|INSRR|PIK3CA|RAF1|TLK1,WP_PATHWAYS_AFFECTED_IN_ADENOID_CYSTIC_CARCINOMA
MAP3K1|PAK1|PDGFRB|RAF1|SRC,WP_PDGF_PATHWAY
PIK3C2A|PIK3C2B|PIK3CA|PIK3CB|PIK3CD|PIK3CG|PIP5K1A|PIP5K1B|PIP5K1C,WP_PHOSPHATIDYL_INOSITOL_PHOSPHATE_PATHWAY
PIK3C2A|PIK3C2B|PIK3CA|PIK3CB|PIK3CD|PIK3CG|PIP5K1A|PIP5K1B|PIP5K1C,WP_PHOSPHOINOSITIDES_METABOLISM
PIK3C2A|PIK3C2B|PIK3CA|PIK3CB|PIK3CD|PIK3CG,WP_PHOSPHOINOSITIDE_3KINASE_PI3K_FAMILY
AKT1|CAMK1|EGFR|ERBB2|ERBB4|GSK3B|MYLK|PAK1|PIK3CG|PTK2|RAF1|ROCK2|SRC,WP_PHYSICOCHEMICAL_FEATURES_AND_TOXICITYASSOCIATED_PATHWAYS
AKT1|GSK3B|MTOR|PIK3CA|PIK3CB|PIK3CG|ULK1,WP_PI3KAKTMTOR_SIGNALING_AND_THERAPEUTIC_OPPORTUNITIES_IN_PROSTATE_CANCER
AKT1|AKT2|AKT3|CDK2|CSF1R|EGFR|EPHA2|FGFR1|FGFR2|FGFR3|FGFR4|FLT1|FLT3|FLT4|GSK3B|IGF1R|INSR|KIT|MET|MTOR|PCK1|PDGFRA|PDGFRB|PDPK1|PIK3CA|PIK3CB|PIK3CD|PIK3CG|PKN1|PKN2|PTK2|RAF1|SGK1|SGK3|SYK,WP_PI3KAKT_SIGNALING
AKT1|AKT2|AKT3|CDK2|CDK7|CIT|CSF1R|CSNK1A1|CSNK1A1L|CSNK1E|CSNK2A1|CSNK2A2|EGFR|EPHA2|FGFR1|FGFR2|FGFR3|FGFR4|FLT1|FLT3|FLT4|GSK3B|IGF1R|INSR|KIT|LATS1|LATS2|MAP3K1|MAP3K2|MAP3K3|MAP3K4|MAP4K2|MAP4K3|MAP4K4|MAPKAPK2|MET|MINK1|MKNK1|MKNK2|MST1|MTOR|NDRG1|PAK1|PAK2|PAK3|PAK4|PAK6|PDGFRA|PDGFRB|PIK3CA|PIK3CB|PIK3CD|PIK3CG|PTK2|RAF1|SRC|TNIK|ULK1|ULK2,WP_PLEURAL_MESOTHELIOMA
BRAF|ERBB2|FLT1|GSK3B|IGF1R|MTOR|SRC,WP_POLYCYSTIC_KIDNEY_DISEASE_PATHWAY
AKT1|ERBB2|FYN|GSK3B|MTOR|NEK3|PAK1|PIK3CA|PIK3CB|PIK3CG|PTK2|RAF1|SRC|TEC|ZAP70,WP_PROLACTIN_SIGNALING
AKT1|EGFR|ERBB2|PAK1|PIK3CA|PTK2|SRC|TIE1,WP_RAC1PAK1P38MMP2_PATHWAY
AKT1|AKT2|CTSK|LYN|MTOR|PTK2|SRC|SYK,WP_RANKLRANK_SIGNALING
ABL1|ABL2|AKT1|AKT2|AKT3|CSF1R|EGFR|EPHA2|FGFR1|FGFR2|FGFR3|FGFR4|FLT1|FLT3|FLT4|IGF1R|INSR|KIT|MET|PAK1|PAK2|PAK3|PAK4|PAK6|PDGFRA|PDGFRB|PIK3CA|PIK3CB|PIK3CD|RAF1|ZAP70,WP_RAS_SIGNALING
AKT1|BRAF|MTOR|PIK3CA|RAF1|TGFBR1,WP_REGUCALCIN_IN_PROXIMAL_TUBULE_EPITHELIAL_KIDNEY_CELLS
BRAF|BRK1|CSK|EGFR|FGFR1|FGFR2|FGFR3|FGFR4|LIMK1|MYLK|PAK1|PAK2|PAK3|PAK4|PAK6|PDGFRA|PDGFRB|PIK3C2A|PIK3C2B|PIK3CA|PIK3CB|PIK3CD|PIK3CG|PIP5K1A|PIP5K1B|PIP5K1C|PTK2|RAF1|ROCK1|ROCK2,WP_REGULATION_OF_ACTIN_CYTOSKELETON
EGFR|MTOR|PDGFRA|PDGFRB|SRC,WP_REGULATORY_CIRCUITS_OF_STAT3_SIGNALING
AKT1|AKT2|AKT3|BRAF|EGFR|PIK3CA|PIK3CB|PIK3CD|PIK3CG|SRC,WP_RELATIONSHIP_BETWEEN_INFLAMMATION_COX2_AND_EGFR
CAMK1|CAMK1D|CAMK1G|CAMK2A|CAMK2B|CAMK2D|CAMK2G|CAMK4,WP_RENINANGIOTENSINALDOSTERONE_SYSTEM_RAAS
AKT1|AKT2|AKT3|PIK3CA|PIK3CB|PIK3CD|PIK3CG,WP_RESISTIN_AS_A_REGULATOR_OF_INFLAMMATION
AKT1|EPHB2|GRK1|MTOR|PIK3CA|PIK3CB|PIK3CD|PIK3CG,WP_RESOLVIN_E1_AND_RESOLVIN_D1_SIGNALING_DECREASE_INFLAMMATION
ABL1|CDK2|CHEK1|PLK4|RAF1|TTK|WEE1,WP_RETINOBLASTOMA_GENE_IN_CANCER
AKT1|AKT2|AKT3|EGFR|MTOR|PIK3CA|RIOK1|RIOK2,WP_RIOK1_AND_RIOK2_IN_EGFR_AND_PI3KMEDIATED_TUMORIGENESIS
AKT1|AKT2|AKT3|PIK3C2B|SPHK1,WP_S1P_RECEPTOR_SIGNAL_TRANSDUCTION
BRAF|GSK3B|IGF1R|MTOR|RAF1|SRC|ULK1,WP_SENESCENCE_AND_AUTOPHAGY_IN_CANCER
BRAF|MAP3K1|MAPKAPK2|PDPK1|PIK3CA,WP_SEROTONIN_HTR1_GROUP_AND_FOS_PATHWAY
AKT1|AKT2|AKT3|GSK3B|PRKG1,WP_SILDENAFIL_TREATMENT
AKT1|AKT2|AKT3|CDK2|PIK3CA|PIK3CB|PIK3CD|PTK2,WP_SMALL_CELL_LUNG_CANCER
LIMK1|MTOR|PCK1|PRKCI|ROCK1|ULK1,WP_SMITHMAGENIS_AND_POTOCKILUPSKI_SYNDROME_COPY_NUMBER_VARIATION
CDK2|EGFR|EPHA4|ROCK2|ROS1,WP_SPINAL_CORD_INJURY
AKT1|CDK8|GSK3A|MTOR|PIK3CA,WP_STEROL_REGULATORY_ELEMENTBINDING_PROTEINS_SREBP_SIGNALING
AKT1|AKT2|AKT3|CAMK2B|CAMK4|GSK3B|MTOR|PIK3CA|PIK3CB|PIK3CD,WP_SYNAPTIC_SIGNALING_ASSOCIATED_WITH_AUTISM_SPECTRUM_DISORDER
AKT1|AKT2|AKT3|BRAF|MTOR|PIK3CA|RAF1,WP_TARGETED_AGENTS_IN_TRIPLE_NEGATIVE_BREAST_CANCER
AKT1|AKT2|AKT3|EGFR|ERBB2|ERBB3|ERBB4|PIK3C2A|PIK3C2B|PIK3CA|PIK3CB|PIK3CD|PIK3CG|RAF1,WP_TARGETED_THERAPY_IN_BREAST_CANCER
AKT1|MTOR|ULK1|ULK2|ULK3,WP_TARGET_OF_RAPAMYCIN_SIGNALING
EGFR|FLT3|LCK|MET|SLK,WP_TAR_SYNDROME
AKT1|FYN|GSK3B|LCK|MTOR|PDPK1|PIK3CD|PRKCQ|RAF1|ZAP70,WP_TCELL_ACTIVATION_SARSCOV2
AKT1|FYN|GSK3B|ITK|LCK|PAK1|PIK3CA|PRKCQ|RAF1|ZAP70,WP_TCELL_ANTIGEN_RECEPTOR_TCR_PATHWAY_DURING_STAPHYLOCOCCUS_AUREUS_INFECTION
AKT1|FYN|ITK|LCK|PAK1|PDPK1|PRKCD|PRKCQ|RAF1|RIPK2|ZAP70,WP_TCELL_RECEPTOR_SIGNALING
LCK|MTOR|PRKCQ|TGFBR1|ZAP70,WP_TH17_CELL_DIFFERENTIATION_PATHWAY
AKT1|BTK|FES|FYN|HCK|LCK|LYN|MTOR|SRC|TEC|YES1,WP_THYMIC_STROMAL_LYMPHOPOIETIN_TSLP_SIGNALING
AKT3|FGFR1|GSK3B|MAP4K5|MTOR|PIK3CA|PRKG2|RAF1|SRC,WP_THYROID_HORMONES_PRODUCTION_AND_PERIPHERAL_DOWNSTREAM_SIGNALING_EFFECTS
AKT1|BRAF|CDK2|IGF1R|MTOR|PDPK1|PIK3CA|RAF1|SRC,WP_THYROID_STIMULATING_HORMONE_TSH_SIGNALING
IRAK1|IRAK3|IRAK4|RIPK1|TBK1,WP_TLR4_SIGNALING_AND_TOLERANCE
AKT1|CSNK2A1|MAP3K1|MAP3K3|MAP4K2|PLK1|RAF1|RIPK1|RIPK3|TBK1,WP_TNFALPHA_SIGNALING
AKT1|AKT2|GSK3B|RAF1|RIPK1,WP_TNFRELATED_WEAK_INDUCER_OF_APOPTOSIS_TWEAK_SIGNALING
AKT1|AKT2|AKT3|IRAK1|IRAK4|RIPK1|TBK1,WP_TOLLLIKE_RECEPTOR_SIGNALING
AKT1|AKT2|AKT3|CSNK2A1|MTOR|PIK3CA|PIK3CB|PIK3CG|PIM1|PIM2|PRKCD,WP_TRANSLATION_INHIBITORS_IN_CHRONICALLY_ACTIVATED_PDGFRA_CELLS
ACVRL1|CDK2|CHEK1|EGFR|IGF1R|PAK4|PRKCD|PTK2|SRC,WP_TROP2_REGULATORY_SIGNALING
AKT1|AKT2|AKT3|MTOR|RAF1,WP_TYROSINE_KINASE_INHIBITORS_IN_GLIOBLASTOMA
AKT1|CSNK1A1|DYRK1A|DYRK2|FYN|GSK3A|GSK3B|ITK|LCK|ZAP70,WP_T_CELL_RECEPTOR_AND_COSTIMULATORY_SIGNALING
AKT1|CAMK2A|CDK2|EGFR|GSK3A|GSK3B,WP_UROTENSINIIMEDIATED_SIGNALING
ABL1|AKT1|BMX|CAMKK2|CSK|EPHA2|EPHB2|ERN1|FLT1|FYN|GSK3B|LIMK1|MAPKAPK2|MAPKAPK5|MKNK1|MTOR|NDRG1|PAK1|PAK2|PDPK1|PIK3CA|PRKCD|PRKCE|PRKCI|PRKD1|PRKD2|PRKG1|PRKRA|PTK2|RAF1|ROCK1|ROCK2|SRC|SRPK1|TAOK2,WP_VEGFAVEGFR2_SIGNALING
CAMK2A|CAMK2B|CAMK2D|CAMK2G|CSNK1A1|CSNK1E|CSNK2A1|CSNK2A2|GSK3B|NLK|ROCK2,WP_WNT_SIGNALING
CSNK1E|GSK3B|LRRK2|NLK|PRKCD|PRKCE|PRKCH|PRKCI|PRKCQ|PRKD1,WP_WNT_SIGNALING_AND_PLURIPOTENCY
AKT1|CSNK1A1|CSNK1D|CSNK1E|CSNK1G1|GSK3A|GSK3B|MTOR|NLK|PIP5K1B,WP_WNT_SIGNALING_NETPATH
